source,target,weight
0,5,5
2,87,10
2,55,10
2,61,10
13,2,10
125,4,10
4,65,5
131,4,10
130,4,10
144,4,10
4,134,5
4,98,10
4,129,5
4,115,5
4,40,10
120,4,10
4,81,10
4,83,10
4,97,5
105,4,10
109,4,10
4,49,10
4,85,10
4,62,10
4,78,10
4,53,5
4,44,10
4,56,10
4,77,10
4,59,10
4,58,10
4,29,5
4,54,10
4,46,10
4,47,10
11,4,10
4,48,10
4,42,10
4,25,5
27,4,10
4,8,10
39,4,10
13,4,10
16,4,10
28,4,10
22,4,10
19,4,10
18,4,10
14,4,10
15,4,10
4,9,10
4,6,10
6,136,5
6,29,5
6,98,5
6,83,10
6,11,5
6,109,5
36,6,10
59,6,10
6,8,5
6,43,5
6,88,10
6,46,5
6,42,5
6,5,5
6,1,5
6,78,10
6,3,5
6,9,10
6,2,5
21,7,10
7,90,5
30,7,10
7,3,5
7,45,5
7,61,5
31,8,10
65,8,10
125,8,10
8,44,5
62,8,10
134,8,10
39,8,10
132,8,10
128,8,10
58,8,10
43,8,10
8,0,5
78,8,10
13,8,10
10,8,10
135,8,10
8,129,5
115,8,10
8,97,10
8,98,10
40,8,10
56,8,10
109,8,10
8,45,5
42,8,10
71,8,10
8,30,5
8,46,5
15,8,10
8,5,5
24,8,10
8,61,5
47,8,10
48,8,10
8,3,5
8,9,5
53,8,10
21,8,10
8,1,5
8,2,5
11,8,10
21,9,10
144,9,10
9,98,10
9,74,5
9,1,5
9,0,5
115,9,10
9,97,10
36,9,10
109,9,10
9,45,5
56,9,10
40,9,10
78,9,10
77,9,10
71,9,10
9,54,5
9,24,5
10,9,10
62,9,10
11,9,10
39,9,10
47,9,10
59,9,10
43,9,10
29,9,10
25,9,10
9,3,5
9,30,5
9,2,5
48,9,10
9,5,5
13,9,10
9,46,5
42,9,10
9,61,5
53,9,10
16,9,10
27,9,10
9,22,5
9,28,5
18,9,10
15,9,10
19,9,10
14,9,10
10,68,10
10,17,10
10,126,10
10,40,10
10,135,10
10,29,5
10,128,10
10,101,5
10,132,10
10,71,10
10,13,10
10,142,10
10,119,10
10,134,10
10,58,10
10,7,5
10,90,5
10,2,5
10,115,5
10,36,10
10,31,10
10,1,5
10,21,5
10,0,5
11,134,10
11,128,10
11,52,5
11,67,5
11,65,10
11,53,5
11,56,5
11,83,10
11,110,5
11,68,10
11,43,10
11,36,10
11,71,10
11,29,5
11,21,5
11,61,5
11,59,10
11,62,10
11,46,5
11,30,5
11,5,5
11,13,10
11,1,5
11,28,10
11,2,5
11,48,5
11,19,5
11,42,10
11,24,10
12,137,5
106,12,10
12,41,10
12,27,5
12,76,10
12,138,5
12,89,5
12,70,10
12,79,10
12,63,10
12,93,10
12,57,10
12,142,10
12,94,10
12,60,10
118,12,10
12,73,10
12,23,10
103,12,10
12,21,5
12,33,10
12,55,5
117,12,10
12,96,10
111,12,10
12,38,10
12,1,5
12,45,5
110,12,10
125,13,10
13,107,5
13,95,5
13,101,5
13,144,10
13,112,5
13,132,10
13,17,10
13,142,10
13,138,10
13,98,10
13,141,10
13,136,10
13,135,10
13,134,10
13,58,10
13,37,5
119,13,10
128,13,10
13,36,5
13,43,5
13,52,5
13,94,5
13,110,5
13,68,5
13,40,10
13,82,10
13,15,10
13,90,5
13,35,5
13,97,5
13,7,5
115,13,10
13,39,10
13,16,10
13,71,10
13,14,10
109,13,10
13,62,10
13,78,10
13,59,10
13,77,10
13,44,5
13,19,5
13,47,10
13,30,5
13,25,10
13,28,10
13,3,5
13,5,5
13,1,5
13,0,5
13,74,5
13,55,5
13,21,5
13,56,10
13,24,5
13,85,10
13,48,10
13,29,10
13,42,10
13,45,5
13,53,5
13,31,5
13,65,10
13,61,5
13,46,5
131,14,10
14,128,5
14,132,5
14,47,5
139,14,10
14,141,5
14,1,5
14,135,5
14,44,10
14,82,5
14,61,5
14,68,10
14,45,5
134,14,10
129,14,10
14,80,10
14,6,5
14,8,5
14,53,5
14,87,5
14,27,10
14,33,5
14,56,10
14,59,10
14,54,5
14,71,10
14,62,10
14,28,10
14,65,5
14,48,10
14,15,5
14,39,10
14,16,10
15,54,5
15,144,5
15,29,5
15,21,5
131,15,10
15,134,5
15,95,5
132,15,10
141,15,10
15,0,5
15,58,10
15,98,10
119,15,10
15,40,10
15,109,5
15,82,10
15,42,10
15,85,10
15,78,10
15,56,10
15,45,5
15,71,10
15,7,5
15,1,5
15,5,5
15,47,10
15,48,10
15,2,5
124,16,10
16,59,5
16,119,5
16,141,5
16,101,5
142,16,10
16,138,5
131,16,10
16,31,5
16,132,5
16,12,5
16,8,5
146,16,10
139,16,10
16,135,5
16,128,5
105,16,10
134,16,10
16,68,10
16,58,5
16,53,5
129,16,10
16,10,5
16,83,10
16,78,10
16,109,5
16,54,5
16,80,10
16,82,10
16,85,5
16,65,5
16,74,5
16,29,5
16,25,5
16,87,5
16,44,10
16,56,10
16,62,10
16,47,5
16,71,10
16,27,10
16,48,10
16,15,5
16,39,10
16,28,10
17,112,5
17,87,5
17,68,10
17,2,5
17,108,5
17,111,5
17,114,5
17,1,5
17,30,5
17,142,5
125,17,10
17,134,5
122,17,10
17,51,10
141,17,10
130,17,10
17,40,10
17,43,10
17,135,5
17,8,5
17,74,5
139,17,10
17,31,5
119,17,10
138,17,10
132,17,10
17,90,5
17,98,10
128,17,10
17,56,10
17,4,5
17,48,5
17,37,5
17,58,10
17,55,5
17,61,5
17,71,10
17,19,10
18,53,5
18,8,5
18,46,5
18,11,5
18,42,10
18,5,5
18,1,5
19,132,5
19,15,5
19,18,5
19,14,5
20,18,5
21,74,10
21,5,5
112,21,10
21,71,10
21,31,10
21,1,5
21,3,5
21,0,5
21,30,5
21,55,10
21,45,5
21,2,5
21,90,5
21,61,5
144,22,10
22,20,5
23,48,5
125,23,10
23,57,10
123,23,10
111,23,10
23,76,10
118,23,10
137,23,10
145,23,10
143,23,10
23,33,10
142,23,10
23,86,10
23,112,5
23,13,5
23,9,5
23,8,5
23,74,5
23,41,10
23,35,5
103,23,10
107,23,10
23,93,10
117,23,10
23,90,5
23,70,10
23,67,5
23,37,5
23,91,10
23,110,5
23,29,5
23,71,10
23,68,10
113,23,10
23,52,5
23,73,10
23,87,10
23,5,5
23,94,10
23,96,10
23,30,5
23,45,5
23,55,5
23,38,10
23,0,5
23,7,5
23,1,5
23,3,5
23,61,5
23,2,5
23,21,5
24,56,5
134,24,10
24,71,10
24,95,5
24,28,10
25,65,5
25,135,5
25,107,5
25,21,5
141,25,10
25,27,10
25,128,5
132,25,10
25,100,5
131,25,10
109,25,10
25,98,10
134,25,10
25,42,5
25,56,10
25,48,10
25,54,5
25,2,5
25,29,5
25,85,5
25,39,10
25,71,10
25,59,10
25,62,10
25,28,10
25,8,5
26,55,5
26,67,5
26,103,5
26,27,5
26,64,10
26,37,10
26,90,5
26,7,5
26,21,5
26,2,5
26,0,5
26,3,5
26,45,5
26,30,5
26,87,5
107,26,10
26,52,5
26,61,5
26,95,10
26,69,10
138,27,10
27,33,5
27,13,5
116,27,10
27,68,10
142,27,10
141,27,10
146,27,10
27,37,5
27,28,10
27,45,5
27,128,5
105,27,10
135,27,10
27,10,5
27,107,5
129,27,10
27,115,5
134,27,10
27,44,10
27,61,5
27,89,10
27,35,5
27,71,10
27,8,5
27,53,5
27,80,10
27,108,5
27,85,5
27,7,5
27,52,5
27,87,10
103,27,10
27,56,10
27,0,5
27,62,10
27,5,5
27,48,5
27,39,10
27,32,10
28,87,5
28,138,5
28,142,5
132,28,10
28,58,5
28,128,5
28,115,5
28,135,5
129,28,10
134,28,10
28,44,5
28,56,5
28,54,5
28,78,10
28,68,10
28,77,10
28,53,5
28,8,5
28,10,5
28,65,5
28,43,5
28,29,5
28,71,10
28,59,10
28,62,10
28,39,10
28,46,5
28,48,5
28,42,10
28,47,10
28,19,5
29,31,10
141,29,10
124,29,10
126,29,10
29,115,5
29,42,10
125,29,10
29,68,10
132,29,10
29,61,5
29,94,5
142,29,10
29,90,5
29,21,5
29,92,5
138,29,10
29,3,5
29,7,5
29,45,5
29,1,5
29,37,10
29,48,5
146,29,10
29,56,10
29,58,10
29,101,5
134,29,10
128,29,10
135,29,10
29,85,10
29,71,10
107,30,10
30,1,5
30,45,5
30,0,5
109,30,10
30,90,10
30,74,10
30,55,10
30,61,5
30,2,5
31,95,5
31,58,10
31,85,5
128,31,10
134,31,10
135,31,10
31,136,5
31,9,5
109,31,10
31,56,10
31,94,10
31,71,10
31,61,5
32,121,5
147,32,10
116,32,10
111,32,10
32,142,5
32,89,5
140,32,10
145,32,10
32,23,5
32,1,5
32,90,5
32,3,5
32,45,5
32,2,5
32,114,5
32,33,5
32,12,5
118,32,10
32,134,5
32,128,5
32,135,5
32,35,5
32,115,5
32,41,5
117,32,10
32,103,5
32,56,5
32,68,10
32,67,5
32,95,5
32,64,5
32,54,5
32,79,10
32,71,5
32,107,5
110,32,10
32,87,5
32,37,10
32,94,10
32,86,10
32,93,10
32,91,10
32,76,10
32,48,5
32,52,5
32,73,10
32,61,5
32,38,10
32,70,10
32,57,10
32,63,10
32,66,10
32,39,10
33,103,5
145,33,10
33,86,10
33,63,10
33,91,5
33,38,10
33,79,10
33,89,5
118,33,10
33,41,10
33,94,10
117,33,10
110,33,10
33,93,10
33,76,10
33,71,5
33,73,10
33,57,10
33,75,10
33,48,5
35,73,10
118,35,10
128,35,10
35,51,10
35,89,10
35,94,10
111,35,10
35,38,10
103,35,10
35,110,5
35,37,10
35,79,10
35,69,10
35,61,5
35,5,5
35,60,10
35,70,10
36,115,5
36,62,10
36,71,5
36,5,5
36,46,5
36,83,10
36,110,5
36,2,5
36,59,5
36,8,5
36,42,5
125,37,10
37,0,5
132,37,10
101,37,10
114,37,10
37,90,10
128,37,10
37,45,5
112,37,10
37,95,5
37,3,5
135,37,10
37,2,5
134,37,10
117,37,10
37,94,10
103,37,10
37,67,5
37,69,10
37,74,10
107,37,10
37,55,10
37,21,5
37,56,10
37,52,10
37,87,10
37,61,5
37,71,10
143,38,10
38,67,5
137,38,10
38,75,5
140,38,10
118,38,10
38,89,5
38,85,5
38,93,10
38,87,5
117,38,10
38,45,5
38,68,10
103,38,10
111,38,10
105,38,10
38,94,10
110,38,10
38,58,5
38,96,10
38,1,5
38,57,10
38,91,10
38,31,5
38,76,10
38,41,10
38,48,5
38,73,10
38,66,10
38,70,10
38,63,10
38,79,10
39,35,5
146,39,10
134,39,10
129,39,10
39,56,10
39,62,10
39,19,5
39,71,10
39,5,5
39,1,5
39,44,10
39,48,5
39,42,10
144,40,10
40,138,5
125,40,10
40,59,5
40,19,5
40,112,5
40,74,5
40,55,5
40,21,5
40,2,5
40,1,5
40,45,5
40,3,5
132,40,10
40,95,5
40,107,5
40,65,5
131,40,10
40,68,10
40,67,5
128,40,10
119,40,10
142,40,10
134,40,10
40,7,5
40,90,5
40,135,5
40,94,10
40,29,5
40,58,10
40,42,5
40,0,5
40,28,5
40,47,10
40,98,10
40,78,10
109,40,10
40,53,5
40,30,5
40,85,10
40,71,10
40,46,5
40,61,5
40,48,10
143,41,10
41,92,5
118,41,10
41,67,5
142,41,10
41,91,5
116,41,10
41,37,5
105,41,10
103,41,10
41,76,10
137,41,10
41,93,10
41,96,10
111,41,10
41,70,10
41,63,10
41,117,5
41,94,10
41,73,10
41,79,10
41,66,10
110,41,10
146,42,10
42,78,10
42,59,10
42,54,10
42,47,10
42,46,10
42,48,10
42,14,5
42,27,5
42,24,5
43,85,5
43,78,10
43,29,5
43,40,5
132,43,10
43,71,5
43,134,5
43,52,5
43,25,5
43,88,10
43,58,5
43,135,5
43,128,5
43,95,5
43,56,5
43,67,5
43,48,5
43,65,10
144,43,10
43,30,5
43,115,5
43,2,5
43,136,5
43,45,5
43,46,5
43,97,10
43,19,5
43,5,5
43,21,5
44,135,5
44,71,10
146,44,10
44,48,10
44,134,5
44,25,5
44,80,10
44,56,10
129,44,10
44,19,5
44,62,10
136,46,10
46,115,5
46,71,10
46,48,10
47,85,10
47,6,5
47,46,5
47,65,5
47,82,10
47,56,10
47,25,5
47,77,10
47,44,5
47,53,10
47,78,10
47,71,10
47,59,10
47,62,10
47,48,10
142,48,10
138,48,10
48,95,5
131,48,10
48,0,5
141,48,10
146,48,10
48,54,10
48,94,10
48,68,10
48,134,5
128,48,10
132,48,10
48,107,5
48,52,5
144,48,10
48,62,10
48,90,5
135,48,10
115,48,10
48,30,5
48,61,5
110,48,10
48,85,10
48,45,5
48,56,10
48,78,10
48,19,5
48,1,5
48,71,10
48,2,5
48,5,5
48,59,10
102,49,10
49,15,5
49,8,5
49,59,5
49,47,5
49,48,5
49,56,5
49,88,5
49,43,5
50,48,5
50,8,5
51,112,5
51,45,5
51,95,5
51,69,5
51,23,5
51,0,5
51,67,5
51,93,5
111,51,10
51,142,5
51,140,5
145,51,10
51,86,5
51,94,5
117,51,10
116,51,10
51,55,5
51,74,5
51,63,10
51,33,5
51,57,10
51,61,5
51,32,5
118,51,10
51,60,10
51,73,10
51,79,5
51,89,5
51,1,5
51,76,5
51,103,5
51,12,5
51,70,10
52,114,5
52,67,10
52,21,5
107,52,10
52,90,5
52,2,5
103,52,10
52,87,10
53,48,5
109,53,10
53,85,5
53,71,10
54,121,5
54,61,5
54,135,5
128,54,10
54,68,10
54,0,5
139,54,10
54,142,5
138,54,10
54,118,5
54,47,5
54,5,5
54,70,5
54,73,10
54,82,10
54,94,10
54,56,10
54,53,5
54,71,10
54,8,5
54,13,5
54,24,5
55,90,10
107,55,10
55,58,10
55,74,10
55,87,10
55,52,5
55,67,5
55,45,5
55,61,5
55,69,10
55,0,5
55,1,5
55,7,5
125,56,10
146,56,10
124,56,10
56,68,10
109,56,10
129,56,10
141,56,10
142,56,10
134,56,10
135,56,10
128,56,10
139,56,10
145,56,10
132,56,10
56,10,5
56,59,10
56,45,5
56,82,10
56,78,10
56,62,10
56,71,10
57,3,5
57,137,5
57,1,5
143,57,10
57,123,5
57,140,5
57,55,5
57,87,5
57,37,5
57,138,5
57,96,5
57,142,5
145,57,10
57,89,5
147,57,10
57,86,10
105,57,10
57,60,10
57,91,5
57,41,5
57,94,10
111,57,10
116,57,10
118,57,10
117,57,10
57,66,10
57,93,10
57,35,5
110,57,10
57,85,5
57,76,10
57,73,10
57,79,10
57,63,10
57,70,10
57,61,5
57,45,5
57,0,5
57,7,5
57,2,5
57,30,5
125,58,10
105,58,10
58,107,5
58,115,5
58,95,5
58,5,5
131,58,10
58,93,5
142,58,10
130,58,10
58,21,5
58,7,5
58,1,5
58,0,5
58,45,5
132,58,10
138,58,10
58,47,5
146,58,10
58,101,5
139,58,10
119,58,10
58,98,10
58,59,5
141,58,10
58,56,5
135,58,10
58,30,5
134,58,10
58,48,5
58,37,5
58,68,10
58,78,10
58,74,5
58,61,5
58,9,5
58,85,10
58,53,5
58,90,5
58,2,5
109,58,10
58,46,5
58,65,5
128,58,10
58,71,10
59,68,5
59,45,5
59,0,5
59,85,5
59,78,10
59,65,5
59,53,5
59,77,10
59,43,5
59,30,5
59,71,10
59,29,5
59,5,5
59,62,10
59,15,5
59,2,5
59,1,5
59,54,5
59,24,5
59,31,5
59,8,5
59,19,5
59,46,5
106,60,10
60,146,5
60,86,10
60,95,5
60,61,5
60,94,5
60,1,5
60,32,5
60,103,5
145,60,10
60,76,5
60,141,5
60,67,5
60,33,5
60,140,5
60,117,5
60,73,10
60,93,5
105,60,10
60,63,10
111,60,10
116,60,10
60,2,5
118,60,10
60,70,10
60,0,5
60,55,5
60,45,5
61,87,10
61,95,5
107,61,10
61,1,5
61,52,5
62,10,5
144,62,10
62,134,5
129,62,10
62,68,10
62,109,5
62,81,10
62,77,10
62,78,10
62,85,5
62,53,5
62,43,5
62,29,5
62,80,10
62,71,10
62,54,5
62,19,5
62,15,5
62,24,5
62,42,5
62,46,5
106,63,10
63,127,5
130,63,10
123,63,10
63,107,5
63,95,5
63,48,5
63,76,5
63,135,5
63,40,5
145,63,10
63,52,5
147,63,10
143,63,10
142,63,10
140,63,10
63,35,5
63,27,5
63,86,5
63,92,5
137,63,10
63,138,5
116,63,10
63,85,5
118,63,10
117,63,10
63,93,10
105,63,10
63,103,5
63,73,10
63,68,10
111,63,10
63,94,10
63,96,10
63,91,10
63,79,10
63,66,10
63,70,10
63,23,5
64,21,5
64,55,5
64,74,5
64,52,5
107,64,10
64,1,5
64,69,10
64,95,10
64,61,5
65,90,5
109,65,10
65,0,5
65,3,5
65,7,5
65,1,5
65,36,5
65,112,5
65,74,5
65,55,5
115,65,10
65,24,5
65,31,5
65,30,5
65,45,5
65,2,5
65,10,5
65,9,5
65,21,5
143,66,10
147,66,10
66,140,5
66,137,5
66,86,5
138,66,10
142,66,10
66,27,5
116,66,10
66,51,5
66,103,5
66,89,10
118,66,10
117,66,10
105,66,10
111,66,10
66,96,5
110,66,10
66,35,5
66,94,5
66,45,5
66,55,5
66,91,10
66,79,10
66,75,5
66,23,5
66,73,10
66,76,5
66,70,10
66,33,5
66,12,5
121,67,10
67,69,10
103,67,10
67,95,10
107,67,10
67,35,5
67,2,5
67,21,5
67,3,5
67,45,5
67,7,5
67,1,5
67,87,10
67,61,5
146,68,10
68,43,5
68,9,5
68,8,5
68,109,5
68,124,5
131,68,10
144,68,10
126,68,10
127,68,10
68,136,5
68,15,5
68,115,5
68,101,5
123,68,10
68,79,5
68,143,5
125,68,10
68,4,5
68,88,5
68,94,5
68,42,5
132,68,10
141,68,10
116,68,10
142,68,10
139,68,10
135,68,10
138,68,10
129,68,10
68,67,5
134,68,10
68,118,5
117,68,10
68,24,5
68,37,5
128,68,10
68,69,5
119,68,10
68,87,5
68,107,5
68,36,5
68,66,5
68,96,10
68,85,5
68,33,5
68,93,5
103,68,10
68,65,5
68,82,10
68,91,5
110,68,10
68,83,10
68,73,10
111,68,10
68,31,5
68,45,5
68,39,5
68,21,5
68,25,5
68,44,5
68,71,10
68,70,5
68,75,10
69,32,5
69,7,5
69,3,5
69,87,5
69,2,5
69,112,5
69,21,5
69,0,5
69,61,5
69,52,5
69,94,10
69,73,10
107,69,10
69,95,10
69,1,5
69,45,5
70,87,5
70,52,5
70,67,5
142,70,10
70,137,5
103,70,10
147,70,10
145,70,10
116,70,10
117,70,10
70,86,10
118,70,10
70,89,5
70,93,10
70,37,5
105,70,10
111,70,10
110,70,10
70,45,5
70,91,10
70,94,10
70,79,10
70,76,10
70,0,5
70,5,5
70,1,5
70,2,5
70,48,5
70,71,5
70,73,10
70,61,5
126,71,10
71,98,10
71,112,5
71,26,5
125,71,10
124,71,10
71,69,5
138,71,10
142,71,10
71,95,5
116,71,10
132,71,10
107,71,10
146,71,10
71,85,10
141,71,10
139,71,10
136,71,10
135,71,10
119,71,10
134,71,10
115,71,10
101,71,10
71,74,5
128,71,10
71,35,5
110,71,10
109,71,10
71,67,5
71,82,10
71,87,5
71,73,5
71,61,5
71,90,5
71,78,10
71,7,5
71,52,5
71,45,5
71,75,5
71,55,5
71,42,5
71,30,5
71,3,5
71,2,5
71,0,5
71,5,5
71,1,5
71,65,5
72,7,5
72,65,5
72,10,5
72,11,5
72,56,5
72,82,10
72,74,5
72,141,5
139,72,10
72,48,5
72,71,5
72,45,5
72,1,5
72,8,5
72,128,5
127,73,10
123,73,10
73,112,5
73,95,5
147,73,10
143,73,10
145,73,10
73,137,5
116,73,10
73,86,10
73,89,10
118,73,10
142,73,10
138,73,10
73,88,10
73,2,5
73,37,5
73,92,10
73,48,5
73,87,5
117,73,10
105,73,10
73,21,5
73,30,5
107,73,10
73,67,5
73,79,10
73,96,10
73,93,10
110,73,10
73,55,5
73,90,5
73,94,10
73,52,5
73,91,10
73,103,5
111,73,10
73,76,10
73,61,5
74,0,5
74,67,5
74,103,5
74,35,5
74,5,5
74,52,5
74,87,5
74,90,10
74,45,5
74,61,5
74,2,5
74,20,5
74,1,5
75,103,5
75,52,5
75,87,5
75,56,5
75,54,5
75,48,5
75,25,5
75,28,5
146,76,10
76,138,5
76,86,10
76,137,5
76,103,5
142,76,10
143,76,10
145,76,10
117,76,10
76,89,5
110,76,10
105,76,10
76,94,10
76,93,10
76,92,5
76,79,10
76,35,5
111,76,10
77,115,5
77,83,5
77,74,5
77,68,5
128,77,10
77,110,5
77,1,5
77,10,5
77,43,5
77,36,5
77,52,5
77,82,10
77,45,5
77,31,5
77,65,5
77,16,5
77,24,5
77,85,5
77,56,5
77,44,5
77,25,5
77,11,5
77,71,5
77,54,5
77,46,5
77,5,5
77,78,10
77,53,5
77,30,5
77,42,5
77,2,5
77,15,5
77,19,5
77,8,5
77,48,5
144,78,10
78,29,5
124,78,10
132,78,10
141,78,10
78,115,5
78,128,5
78,98,10
78,2,5
78,109,5
78,24,5
78,85,5
78,11,5
78,25,5
78,3,5
78,44,5
78,39,5
78,54,5
78,30,5
78,14,5
78,53,5
78,46,5
78,1,5
78,5,5
106,79,10
147,79,10
79,118,5
79,86,10
145,79,10
123,79,10
140,79,10
79,21,5
79,37,5
79,110,5
116,79,10
142,79,10
79,138,5
105,79,10
143,79,10
79,91,10
137,79,10
79,93,10
117,79,10
79,103,5
79,96,10
79,67,5
79,94,10
79,23,5
79,61,5
122,80,10
80,39,5
80,134,5
80,71,5
80,25,5
129,80,10
104,80,10
120,80,10
80,113,5
81,19,5
81,53,5
81,25,5
81,43,5
81,82,5
81,56,5
81,71,5
81,9,5
81,8,5
81,28,5
81,109,5
125,82,10
134,82,10
82,132,5
82,31,5
82,40,5
82,135,5
139,82,10
82,98,5
82,50,5
109,82,10
82,83,10
82,65,5
82,61,5
82,8,5
82,10,5
82,85,5
82,9,5
83,46,5
83,128,5
83,109,5
83,15,5
83,7,5
83,39,5
83,70,5
83,0,5
83,1,5
83,5,5
83,43,5
83,14,5
83,110,5
83,3,5
83,21,5
83,19,5
83,53,5
83,29,5
83,85,5
83,90,5
83,62,5
83,42,5
83,8,5
83,10,5
83,65,5
83,78,5
83,48,5
83,9,5
83,31,5
83,30,5
83,59,5
83,24,5
83,47,5
83,28,5
83,13,5
83,25,5
83,55,5
83,45,5
83,61,5
83,87,5
83,54,5
83,71,5
83,56,5
131,85,10
85,61,5
85,46,5
85,98,10
85,94,10
85,42,5
85,0,5
85,56,5
85,115,5
85,8,5
85,5,5
85,1,5
86,140,5
106,86,10
146,86,10
86,41,5
86,56,5
86,142,5
138,86,10
86,93,5
86,74,5
86,48,5
105,86,10
86,52,5
145,86,10
116,86,10
86,87,10
117,86,10
86,94,10
86,12,5
86,89,10
103,86,10
118,86,10
87,95,5
87,129,5
145,87,10
87,25,5
87,8,5
134,87,10
87,35,5
87,0,5
87,3,5
87,30,5
87,45,5
87,7,5
87,1,5
87,90,5
87,21,5
107,87,10
88,94,5
88,136,5
88,21,5
88,56,5
88,3,5
88,45,5
88,46,5
88,42,5
88,9,5
88,8,5
88,53,5
88,59,5
88,52,5
88,13,5
88,71,5
88,4,5
88,48,5
145,89,10
117,89,10
89,93,10
89,87,5
118,89,10
107,90,10
90,0,5
90,45,5
90,61,5
90,67,5
109,90,10
103,91,10
91,94,10
91,1,5
91,45,5
92,23,5
92,0,5
92,61,5
92,52,5
92,94,10
92,7,5
92,45,5
92,30,5
92,2,5
92,1,5
103,93,10
142,93,10
126,93,10
143,93,10
118,93,10
137,93,10
138,93,10
93,66,5
93,107,5
93,37,5
117,93,10
93,91,5
93,54,5
93,94,10
93,56,5
111,93,10
93,71,5
93,48,5
110,93,10
127,94,10
94,114,5
106,94,10
118,94,10
142,94,10
94,95,5
123,94,10
94,112,5
107,94,10
105,94,10
131,94,10
94,87,5
145,94,10
94,10,5
94,74,5
143,94,10
133,94,10
111,94,10
138,94,10
94,30,5
94,67,5
94,52,5
94,90,5
94,55,5
103,94,10
94,5,5
110,94,10
137,94,10
94,1,5
94,0,5
94,7,5
94,3,5
94,45,5
94,2,5
94,21,5
117,94,10
107,95,10
116,96,10
96,137,5
142,96,10
96,70,5
96,93,5
96,37,5
96,21,5
111,96,10
96,87,5
96,67,5
96,94,5
96,117,5
96,61,5
96,52,5
97,144,5
97,29,5
97,53,5
97,42,5
125,98,10
98,115,5
98,103,5
111,98,10
98,68,5
98,92,5
98,139,5
131,98,10
130,98,10
98,7,5
142,98,10
98,129,5
144,98,10
98,146,5
141,98,10
98,61,5
98,67,5
98,28,5
98,56,5
98,134,5
98,135,5
98,29,5
98,24,5
98,62,5
98,44,5
98,97,5
98,21,5
98,5,5
98,46,5
98,47,5
98,48,5
98,42,5
99,30,5
99,7,5
99,35,5
99,74,5
99,0,5
99,1,5
99,3,5
102,48,5
102,13,5
102,9,5
102,43,5
102,120,10
102,113,10
102,71,5
103,121,10
103,118,10
103,89,5
103,137,10
103,138,10
103,112,5
103,133,10
103,87,5
103,45,5
103,117,10
103,105,10
103,111,10
103,107,5
103,7,5
103,110,10
103,1,5
103,21,5
103,61,5
103,71,5
104,48,5
104,105,10
105,125,5
105,33,5
105,37,5
105,106,10
105,29,5
105,61,5
105,132,5
105,145,10
105,146,10
105,147,10
105,131,10
105,143,10
105,62,5
105,142,10
105,138,10
105,137,10
105,133,10
105,116,10
105,134,5
105,51,5
105,31,5
105,10,5
105,89,5
105,118,10
105,92,5
105,8,5
105,23,5
105,117,5
105,13,5
105,54,5
105,68,5
105,83,5
105,91,5
105,96,5
105,59,5
105,85,5
105,110,10
105,56,5
105,71,5
105,67,5
105,48,5
105,52,5
105,35,5
105,12,5
105,111,10
105,87,5
106,137,5
106,112,5
106,27,5
106,138,5
106,89,5
106,93,5
106,133,5
106,33,5
106,54,5
106,90,5
106,7,5
106,45,5
106,2,5
106,0,5
106,1,5
106,56,5
106,48,5
106,103,5
106,73,5
106,52,5
106,3,5
106,117,5
106,110,5
106,70,5
106,87,5
106,145,5
106,67,5
106,118,5
106,76,5
107,117,10
107,65,5
107,1,5
107,45,5
107,0,5
107,5,5
107,132,10
107,10,5
107,112,10
107,7,5
107,2,5
109,115,10
109,47,5
109,24,5
109,10,5
109,43,5
109,48,5
109,46,5
109,37,5
109,42,5
109,29,5
109,85,5
109,61,5
109,21,5
109,0,5
109,2,5
110,107,5
110,111,10
110,37,5
110,63,5
110,56,5
110,26,5
110,87,5
110,52,5
110,67,5
110,85,5
110,91,5
110,54,5
111,145,10
111,119,10
111,147,10
111,86,5
111,143,10
111,116,10
111,142,10
111,138,5
111,137,5
111,118,10
111,89,5
111,3,5
111,21,5
111,117,10
111,87,5
111,52,5
111,67,5
111,7,5
111,71,5
111,79,5
111,91,5
111,33,5
111,37,5
112,95,5
112,67,5
112,74,5
112,87,5
112,55,5
112,61,5
112,52,5
112,2,5
112,90,5
112,30,5
112,3,5
112,5,5
112,45,5
112,1,5
112,0,5
113,1,5
113,3,5
113,45,5
113,53,5
113,8,5
113,70,5
113,100,5
115,144,10
115,67,5
115,136,10
115,135,10
115,56,5
115,47,5
115,31,5
115,3,5
115,45,5
115,61,5
116,138,5
116,130,10
116,142,10
116,117,10
116,145,10
116,147,10
116,143,10
116,118,10
117,87,5
117,127,10
117,126,10
117,125,10
117,133,10
117,140,10
117,110,5
117,123,10
117,143,10
117,147,10
117,90,5
117,145,10
117,5,5
117,0,5
117,118,10
117,2,5
117,91,5
117,67,5
117,30,5
117,1,5
117,3,5
117,61,5
117,21,5
118,76,5
118,146,10
118,142,10
118,141,10
118,67,5
118,140,5
118,145,10
118,91,5
118,27,5
118,7,5
119,126,10
119,125,10
119,107,5
119,134,10
119,136,5
119,83,5
119,138,5
119,101,5
119,115,5
119,132,5
119,82,5
119,44,5
119,139,10
119,141,10
119,142,10
119,98,5
119,11,5
119,135,5
119,25,5
119,87,5
119,97,5
119,42,5
119,19,5
119,53,5
119,4,5
119,128,10
119,43,5
119,7,5
119,0,5
119,31,5
119,1,5
119,3,5
119,59,5
119,55,5
119,45,5
119,90,5
119,8,5
119,24,5
119,9,5
119,29,5
119,5,5
119,48,5
119,21,5
119,65,5
119,46,5
119,61,5
119,2,5
119,30,5
119,109,5
119,85,5
119,56,5
120,144,5
120,48,5
120,44,5
120,115,5
120,6,5
120,59,5
120,19,5
121,52,5
121,107,5
121,87,5
121,55,5
121,90,5
121,2,5
121,21,5
121,3,5
121,45,5
121,7,5
121,1,5
122,132,5
122,71,5
122,128,5
123,35,5
123,54,5
123,48,5
123,103,5
123,142,5
123,93,5
123,74,5
123,67,5
123,112,5
123,55,5
123,138,5
123,37,5
123,52,5
123,76,5
123,91,5
123,143,5
123,111,5
123,33,5
123,137,5
123,21,5
123,61,5
123,30,5
123,7,5
123,45,5
123,96,5
123,87,5
123,41,5
123,2,5
123,0,5
123,107,5
123,3,5
123,90,5
123,1,5
124,118,5
124,139,5
124,125,10
124,87,5
124,114,5
124,141,5
124,13,5
124,65,5
124,2,5
124,8,5
124,128,5
124,101,5
124,44,5
124,62,5
124,42,5
124,95,5
124,52,5
124,67,5
124,142,5
124,138,5
124,27,5
124,146,10
124,134,10
124,14,5
124,39,5
124,48,5
124,132,10
124,135,10
125,85,5
125,65,5
125,126,10
125,1,5
125,87,5
125,15,5
125,31,5
125,54,5
125,107,5
125,46,5
125,7,5
125,78,5
125,11,5
125,59,5
125,121,5
125,21,5
125,101,5
125,47,5
125,112,5
125,45,5
125,5,5
125,14,5
125,42,5
125,2,5
125,141,5
125,48,5
125,94,5
125,73,5
125,9,5
125,138,10
125,10,5
125,134,10
125,128,10
125,142,10
125,3,5
125,146,10
125,132,10
125,135,10
126,21,5
126,48,5
126,65,5
126,143,5
126,37,5
126,141,5
126,31,5
126,101,5
126,55,5
126,58,5
126,127,10
126,95,5
126,107,5
126,94,5
126,73,5
126,9,5
126,56,5
126,128,5
126,132,10
126,13,5
126,135,5
126,8,5
126,134,10
126,142,10
126,138,10
127,88,5
127,54,5
127,48,5
127,56,5
127,23,5
127,146,10
127,41,5
127,71,5
127,13,5
127,142,10
127,138,10
128,95,5
128,101,5
128,146,10
128,132,10
128,115,5
128,47,5
128,138,10
128,142,10
128,141,10
128,61,5
128,135,10
128,134,10
128,59,5
128,30,5
128,74,5
128,85,5
128,24,5
128,1,5
128,94,5
128,7,5
128,2,5
128,45,5
128,0,5
128,46,5
128,65,5
128,42,5
128,21,5
128,55,5
128,4,5
128,9,5
128,109,5
129,142,10
129,138,5
129,29,5
129,146,10
129,130,10
129,135,5
129,141,10
129,134,10
129,85,5
129,81,5
129,25,5
129,71,5
130,144,5
130,92,5
130,90,5
130,40,5
130,113,5
130,22,5
130,34,5
130,131,5
130,37,5
130,132,5
130,16,5
130,68,5
130,138,5
130,119,5
130,65,5
130,101,5
130,109,5
130,74,5
130,52,5
130,3,5
130,48,5
130,80,5
130,89,5
130,87,5
130,73,5
130,12,5
130,55,5
130,142,5
130,128,5
130,70,5
130,135,5
130,134,5
130,146,10
130,85,5
130,56,5
130,141,5
130,39,5
130,13,5
130,8,5
130,27,5
130,71,5
130,29,5
130,30,5
130,7,5
130,21,5
130,2,5
130,45,5
130,61,5
130,1,5
130,0,5
131,126,5
131,47,5
131,133,10
131,103,5
131,59,5
131,88,5
131,54,5
131,73,5
131,29,5
131,33,5
131,70,5
131,71,5
131,56,5
131,11,5
131,129,5
131,27,5
131,109,5
131,24,5
131,28,5
131,83,5
131,146,10
131,10,5
131,9,5
131,142,10
131,138,5
131,134,5
131,13,5
131,62,5
131,8,5
132,55,5
132,24,5
132,144,10
132,69,5
132,115,5
132,42,5
132,146,10
132,95,5
132,35,5
132,11,5
132,98,5
132,65,5
132,85,5
132,138,10
132,2,5
132,46,5
132,21,5
132,9,5
132,45,5
132,59,5
132,3,5
132,1,5
132,7,5
132,0,5
132,53,5
132,141,10
132,142,10
132,61,5
132,134,10
132,101,5
132,31,5
132,94,5
132,109,5
132,90,5
132,135,10
133,55,5
133,2,5
133,1,5
133,73,5
133,87,5
133,45,5
133,7,5
133,21,5
133,30,5
133,52,5
134,146,10
134,138,10
134,142,10
134,141,10
134,135,10
134,83,5
134,46,5
134,67,5
134,101,5
134,109,5
134,61,5
134,9,5
135,138,10
135,142,10
135,139,10
135,136,10
135,67,5
135,55,5
135,90,5
135,109,5
135,87,5
135,73,5
135,94,5
135,101,5
135,61,5
135,2,5
136,95,5
136,144,10
137,33,5
137,142,10
137,35,5
137,67,5
137,143,10
137,138,10
137,3,5
137,21,5
137,7,5
137,0,5
138,21,5
138,107,5
138,143,10
138,141,10
138,110,5
138,101,5
138,85,5
138,33,5
138,23,5
138,61,5
138,67,5
138,35,5
138,88,5
138,56,5
139,132,5
139,101,5
139,142,10
139,36,5
139,146,10
139,141,10
139,129,5
139,134,5
139,85,5
139,29,5
139,15,5
139,13,5
139,4,5
139,9,5
139,8,5
139,109,5
139,138,5
139,39,5
139,65,5
139,31,5
139,10,5
139,47,5
139,48,5
139,83,5
139,128,5
140,143,5
140,33,5
140,145,10
140,103,5
140,87,5
140,52,5
140,107,5
140,35,5
140,70,5
140,23,5
140,93,5
140,94,5
140,73,5
141,55,5
141,9,5
141,101,5
141,109,5
141,142,10
141,39,5
141,11,5
141,74,5
141,10,5
141,31,5
141,146,10
141,65,5
141,47,5
141,85,5
141,35,5
141,135,5
141,8,5
142,74,5
142,89,5
142,92,5
142,37,5
142,55,5
142,2,5
142,109,5
142,145,10
142,115,5
142,103,5
142,52,5
142,87,5
142,107,5
142,21,5
142,110,5
142,45,5
142,101,5
142,117,5
142,88,5
142,42,5
142,114,5
142,1,5
142,65,5
142,9,5
142,146,10
142,138,5
142,31,5
142,0,5
142,24,5
142,35,5
142,67,5
142,33,5
142,143,10
142,3,5
142,7,5
142,46,5
142,8,5
142,61,5
143,89,5
143,145,10
143,118,5
143,110,5
143,87,5
143,103,5
143,33,5
143,35,5
143,96,5
143,70,5
143,91,5
144,138,5
144,142,5
144,131,5
144,101,5
144,139,5
144,109,5
144,25,5
144,129,5
144,135,5
144,39,5
144,14,5
144,44,5
144,6,5
144,54,5
144,85,5
144,71,5
144,56,5
144,146,10
144,88,5
144,95,5
144,10,5
144,24,5
144,31,5
144,59,5
144,36,5
144,11,5
144,47,5
144,8,5
144,46,5
144,65,5
144,42,5
145,47,5
145,85,5
145,96,5
145,68,5
145,114,5
145,26,5
145,3,5
145,139,5
145,146,10
145,67,5
145,54,5
145,58,5
145,29,5
145,132,5
145,107,5
145,55,5
145,30,5
145,37,5
145,115,5
145,138,5
145,2,5
145,110,5
145,62,5
145,44,5
145,48,5
145,25,5
145,27,5
145,1,5
145,45,5
145,0,5
145,7,5
145,52,5
145,61,5
145,147,10
145,135,5
145,71,5
145,41,5
145,66,5
145,93,5
145,137,5
145,38,5
145,91,5
145,12,5
145,103,5
145,35,5
146,96,5
146,93,5
146,117,5
146,92,5
146,103,5
146,9,5
146,67,5
146,31,5
146,65,5
146,87,5
146,115,5
146,82,5
146,89,5
146,54,5
146,70,5
146,94,5
146,52,5
146,33,5
146,101,5
146,14,5
146,85,5
146,13,5
146,73,5
146,138,5
146,135,5
146,8,5
146,62,5
147,114,5
147,134,5
147,128,5
147,71,5
147,35,5
147,0,5
147,138,5
147,30,5
147,90,5
147,135,5
147,142,5
147,110,5
147,1,5
147,60,5
147,93,5
147,103,5
147,23,5
147,91,5
147,5,5
147,89,5
147,118,5
147,87,5
147,107,5
147,27,5
147,76,5
147,61,5
147,52,5
147,140,5
147,96,5
147,137,5
147,143,5
147,86,5
147,12,5
147,94,5
147,33,5
31,4,1
32,4,1
4,71,1
4,86,1
16,6,1
17,6,1
19,6,1
31,6,1
32,6,1
39,6,1
56,6,1
58,6,1
6,62,1
6,71,1
6,86,1
129,6,1
19,8,1
32,8,1
8,86,1
17,9,1
32,9,1
86,9,1
129,9,1
14,17,1
14,31,1
14,32,1
14,58,1
14,86,1
16,17,1
16,19,1
16,32,1
16,86,1
17,32,1
17,39,1
17,62,1
17,86,1
129,17,1
19,31,1
19,32,1
19,56,1
19,58,1
19,71,1
19,86,1
129,19,1
31,32,1
31,39,1
31,62,1
31,86,1
129,31,1
32,58,1
32,62,1
129,32,1
39,58,1
39,86,1
58,62,1
58,86,1
129,58,1
62,86,1
71,86,1
129,86,1
13,6,1
23,6,1
30,6,1
24,4,1
24,6,1
17,24,1
19,24,1
10,6,1
6,74,1
112,6,1
10,23,1
10,59,1
10,74,1
10,112,1
17,23,1
17,59,1
23,59,1
59,74,1
112,59,1
60,87,1
39,59,1
12,56,1
56,73,1
15,17,1
15,23,1
15,38,1
15,57,1
118,15,1
17,38,1
17,57,1
118,17,1
7,9,1
17,7,1
64,7,1
7,74,1
112,7,1
55,9,1
64,9,1
67,9,1
112,9,1
17,64,1
17,67,1
23,64,1
119,23,1
64,67,1
64,71,1
112,64,1
119,64,1
119,67,1
119,74,1
112,119,1
6,7,1
55,6,1
15,6,1
18,6,1
27,6,1
6,67,1
6,87,1
103,6,1
105,6,1
108,6,1
124,6,1
10,15,1
10,18,1
10,32,1
10,39,1
10,55,1
10,67,1
10,78,1
10,87,1
10,88,1
10,103,1
10,108,1
10,124,1
13,18,1
13,32,1
13,67,1
13,87,1
103,13,1
108,13,1
15,18,1
15,27,1
15,32,1
15,39,1
15,55,1
15,67,1
15,87,1
15,88,1
103,15,1
105,15,1
108,15,1
112,15,1
124,15,1
16,18,1
16,23,1
16,55,1
16,67,1
16,88,1
103,16,1
108,16,1
112,16,1
18,23,1
18,27,1
18,32,1
18,39,1
18,55,1
18,59,1
18,67,1
18,71,1
18,78,1
18,87,1
18,88,1
103,18,1
105,18,1
108,18,1
112,18,1
124,18,1
23,27,1
23,39,1
23,78,1
23,88,1
108,23,1
124,23,1
27,55,1
27,59,1
27,67,1
27,78,1
27,88,1
112,27,1
32,55,1
32,59,1
32,78,1
32,88,1
105,32,1
108,32,1
112,32,1
124,32,1
39,55,1
39,67,1
39,87,1
39,88,1
103,39,1
105,39,1
108,39,1
112,39,1
55,59,1
55,78,1
55,88,1
103,55,1
105,55,1
108,55,1
124,55,1
59,67,1
59,87,1
103,59,1
108,59,1
124,59,1
67,78,1
67,88,1
108,67,1
108,71,1
78,87,1
78,88,1
103,78,1
105,78,1
108,78,1
112,78,1
87,88,1
108,87,1
103,88,1
105,88,1
108,88,1
112,88,1
124,88,1
103,108,1
103,124,1
105,108,1
105,112,1
105,124,1
108,112,1
108,124,1
112,124,1
14,51,1
14,145,1
16,51,1
145,16,1
6,64,1
6,85,1
130,6,1
7,8,1
7,85,1
64,8,1
67,8,1
74,8,1
112,8,1
85,9,1
130,9,1
15,64,1
15,74,1
130,15,1
17,85,1
23,85,1
130,23,1
64,85,1
130,64,1
67,85,1
130,67,1
74,85,1
112,85,1
112,130,1
51,6,1
57,6,1
6,61,1
6,70,1
107,6,1
147,6,1
51,7,1
7,70,1
7,78,1
105,7,1
147,7,1
51,8,1
55,8,1
57,8,1
70,8,1
107,8,1
147,8,1
15,51,1
15,61,1
15,70,1
107,15,1
147,15,1
17,70,1
17,78,1
105,17,1
107,17,1
147,17,1
51,71,1
51,78,1
107,51,1
130,51,1
147,51,1
55,70,1
147,55,1
57,71,1
57,74,1
57,78,1
107,57,1
112,57,1
130,57,1
61,78,1
70,74,1
70,78,1
107,70,1
112,70,1
74,78,1
105,74,1
107,74,1
147,74,1
107,78,1
130,78,1
147,78,1
105,107,1
105,130,1
107,130,1
112,147,1
130,147,1
130,32,1
6,82,1
44,9,1
129,13,1
14,77,1
15,44,1
129,15,1
19,78,1
129,77,1
129,78,1
23,56,1
13,51,1
14,64,1
12,6,1
6,60,1
6,66,1
118,6,1
12,14,1
12,71,1
14,23,1
14,57,1
14,60,1
14,66,1
118,14,1
16,57,1
16,60,1
16,66,1
118,16,1
23,60,1
27,51,1
27,57,1
27,60,1
51,56,1
56,57,1
56,60,1
56,66,1
118,56,1
60,66,1
60,71,1
66,71,1
118,71,1
11,14,1
19,42,1
42,56,1
111,55,1
27,86,1
16,42,1
12,49,1
12,74,1
112,12,1
21,49,1
21,51,1
21,57,1
21,60,1
21,66,1
118,21,1
23,49,1
49,51,1
49,57,1
49,60,1
49,66,1
49,74,1
112,49,1
118,49,1
60,74,1
112,60,1
66,74,1
112,66,1
118,74,1
112,118,1
2,51,1
12,8,1
60,8,1
12,9,1
51,9,1
57,9,1
60,9,1
12,13,1
12,17,1
12,43,1
13,57,1
13,60,1
16,43,1
17,60,1
23,43,1
43,51,1
43,55,1
43,57,1
43,60,1
43,74,1
111,6,1
116,6,1
111,8,1
116,8,1
111,14,1
116,14,1
14,147,1
111,16,1
116,16,1
147,16,1
111,56,1
116,56,1
147,56,1
14,55,1
14,74,1
51,64,1
105,99,1
12,40,1
23,40,1
32,40,1
32,74,1
38,40,1
38,51,1
38,60,1
38,74,1
40,51,1
40,60,1
40,66,1
145,40,1
145,74,1
66,8,1
106,8,1
117,8,1
12,59,1
21,59,1
106,21,1
106,23,1
59,66,1
106,59,1
117,59,1
106,66,1
112,117,1
19,53,1
128,19,1
53,56,1
128,53,1
43,7,1
87,9,1
121,9,1
123,9,1
121,23,1
43,87,1
112,43,1
121,43,1
123,43,1
121,74,1
112,121,1
119,121,1
119,123,1
121,123,1
17,27,1
19,27,1
8,94,1
118,8,1
66,9,1
9,94,1
107,9,1
118,9,1
14,21,1
14,94,1
107,14,1
130,14,1
16,21,1
16,45,1
16,94,1
107,16,1
21,27,1
107,21,1
27,74,1
27,94,1
118,45,1
118,55,1
107,60,1
130,60,1
107,66,1
130,66,1
130,94,1
107,118,1
118,130,1
104,16,1
133,16,1
104,55,1
103,104,1
104,133,1
119,78,1
15,31,1
31,74,1
12,99,1
145,99,1
13,66,1
17,66,1
51,87,1
66,87,1
112,86,1
112,145,1
14,18,1
18,28,1
18,62,1
18,77,1
23,80,1
32,80,1
80,87,1
145,80,1
14,67,1
14,89,1
106,14,1
121,14,1
123,14,1
21,32,1
21,89,1
145,21,1
147,21,1
23,89,1
128,23,1
121,27,1
123,27,1
106,32,1
123,32,1
106,51,1
121,51,1
123,51,1
128,51,1
57,67,1
106,57,1
121,57,1
128,57,1
60,89,1
121,60,1
123,60,1
128,60,1
67,89,1
128,67,1
147,67,1
71,89,1
106,71,1
121,71,1
123,71,1
74,89,1
106,74,1
118,87,1
128,87,1
121,89,1
123,89,1
128,89,1
106,121,1
106,123,1
106,128,1
106,147,1
118,121,1
118,123,1
118,128,1
121,128,1
121,145,1
121,147,1
123,128,1
123,145,1
123,147,1
128,145,1
17,35,1
14,24,1
19,47,1
129,59,1
40,6,1
44,6,1
119,6,1
14,40,1
119,14,1
16,40,1
130,19,1
40,44,1
40,56,1
129,40,1
42,44,1
42,58,1
129,42,1
130,42,1
44,58,1
130,44,1
119,129,1
133,8,1
133,17,1
133,23,1
141,23,1
133,51,1
141,51,1
133,57,1
141,57,1
133,60,1
133,71,1
133,74,1
141,87,1
118,133,1
133,141,1
20,4,1
20,39,1
20,42,1
17,42,1
10,4,1
10,14,1
10,19,1
1,16,1
1,111,1
8,99,1
103,8,1
16,99,1
106,16,1
17,21,1
17,94,1
17,99,1
103,17,1
106,17,1
21,99,1
23,99,1
55,99,1
106,55,1
60,99,1
94,99,1
103,99,1
106,99,1
107,99,1
111,99,1
106,107,1
106,111,1
107,111,1
19,98,1
119,94,1
10,30,1
121,8,1
123,8,1
145,8,1
145,9,1
132,23,1
121,40,1
123,40,1
132,67,1
121,94,1
121,132,1
123,132,1
132,64,1
66,99,1
112,99,1
111,112,1
119,51,1
119,60,1
118,119,1
106,38,1
25,7,1
37,7,1
39,7,1
7,75,1
7,79,1
134,7,1
13,69,1
13,75,1
13,79,1
106,13,1
111,13,1
121,13,1
123,13,1
13,145,1
21,39,1
21,75,1
134,21,1
23,25,1
23,58,1
23,69,1
23,75,1
23,83,1
134,23,1
25,37,1
25,55,1
25,57,1
25,58,1
25,67,1
25,69,1
25,79,1
25,94,1
103,25,1
106,25,1
111,25,1
112,25,1
121,25,1
123,25,1
125,25,1
130,25,1
27,58,1
27,69,1
27,75,1
27,79,1
27,83,1
111,27,1
119,27,1
125,27,1
132,27,1
37,39,1
37,75,1
37,83,1
106,37,1
119,37,1
121,37,1
39,57,1
39,69,1
39,75,1
39,79,1
39,94,1
106,39,1
107,39,1
111,39,1
119,39,1
121,39,1
123,39,1
125,39,1
132,39,1
145,39,1
55,75,1
55,79,1
125,55,1
134,55,1
57,58,1
57,69,1
57,75,1
57,83,1
103,57,1
119,57,1
125,57,1
132,57,1
134,57,1
58,67,1
58,69,1
58,75,1
58,79,1
58,83,1
58,87,1
58,94,1
103,58,1
106,58,1
111,58,1
112,58,1
121,58,1
123,58,1
67,75,1
67,83,1
125,67,1
69,75,1
69,79,1
69,83,1
103,69,1
106,69,1
111,69,1
119,69,1
121,69,1
123,69,1
125,69,1
130,69,1
134,69,1
145,69,1
71,79,1
71,94,1
75,79,1
75,83,1
75,94,1
106,75,1
107,75,1
111,75,1
112,75,1
119,75,1
121,75,1
123,75,1
125,75,1
130,75,1
132,75,1
134,75,1
145,75,1
79,83,1
79,87,1
107,79,1
112,79,1
119,79,1
121,79,1
125,79,1
130,79,1
132,79,1
134,79,1
83,94,1
103,83,1
106,83,1
107,83,1
111,83,1
112,83,1
121,83,1
123,83,1
125,83,1
130,83,1
132,83,1
145,83,1
132,87,1
134,94,1
103,119,1
103,125,1
103,130,1
103,132,1
103,134,1
106,119,1
106,125,1
106,130,1
106,132,1
106,134,1
107,134,1
111,121,1
111,125,1
111,130,1
111,132,1
111,134,1
112,132,1
112,134,1
119,145,1
121,130,1
121,134,1
123,125,1
123,130,1
123,134,1
125,130,1
125,145,1
130,145,1
134,145,1
105,40,1
105,98,1
0,11,1
0,14,1
0,17,1
0,18,1
0,31,1
0,32,1
0,38,1
0,42,1
0,43,1
0,44,1
0,53,1
0,56,1
0,62,1
0,73,1
0,82,1
0,105,1
0,118,1
38,8,1
73,8,1
38,9,1
73,9,1
105,9,1
106,9,1
117,9,1
147,9,1
10,11,1
10,38,1
10,42,1
10,43,1
10,44,1
10,51,1
10,53,1
10,57,1
10,73,1
10,106,1
10,117,1
10,118,1
10,130,1
10,145,1
10,147,1
11,15,1
11,17,1
11,23,1
11,31,1
11,32,1
11,38,1
11,40,1
11,44,1
11,51,1
11,55,1
11,57,1
11,58,1
11,73,1
11,82,1
11,87,1
105,11,1
106,11,1
11,112,1
11,117,1
11,118,1
11,130,1
11,145,1
11,147,1
13,38,1
13,73,1
117,13,1
118,13,1
13,147,1
14,30,1
14,38,1
14,43,1
14,73,1
105,14,1
112,14,1
117,14,1
15,30,1
15,43,1
15,53,1
15,65,1
15,73,1
106,15,1
117,15,1
145,15,1
17,18,1
17,44,1
17,53,1
17,65,1
17,73,1
17,82,1
17,83,1
117,17,1
145,17,1
18,21,1
18,30,1
18,31,1
18,38,1
18,40,1
18,43,1
18,44,1
18,51,1
18,56,1
18,57,1
18,58,1
18,65,1
18,73,1
18,82,1
18,83,1
106,18,1
117,18,1
118,18,1
130,18,1
145,18,1
147,18,1
21,38,1
21,42,1
21,44,1
21,53,1
21,56,1
21,62,1
21,82,1
105,21,1
23,31,1
23,42,1
23,44,1
23,53,1
23,62,1
23,65,1
23,82,1
30,31,1
30,32,1
30,38,1
30,42,1
30,44,1
30,51,1
30,53,1
30,56,1
30,62,1
30,82,1
105,30,1
106,30,1
118,30,1
31,40,1
31,42,1
31,43,1
31,44,1
31,51,1
31,53,1
31,55,1
31,57,1
31,73,1
31,87,1
106,31,1
112,31,1
117,31,1
118,31,1
130,31,1
145,31,1
147,31,1
32,42,1
32,43,1
32,44,1
32,53,1
32,65,1
32,82,1
32,83,1
38,42,1
38,43,1
38,44,1
38,53,1
38,55,1
38,56,1
38,62,1
38,65,1
38,71,1
38,82,1
38,83,1
112,38,1
130,38,1
147,38,1
40,57,1
40,62,1
40,73,1
40,83,1
40,87,1
106,40,1
117,40,1
118,40,1
147,40,1
42,43,1
42,51,1
42,53,1
42,55,1
42,57,1
42,65,1
42,73,1
42,82,1
42,87,1
105,42,1
106,42,1
112,42,1
117,42,1
118,42,1
145,42,1
147,42,1
43,44,1
43,53,1
43,73,1
43,82,1
105,43,1
106,43,1
117,43,1
118,43,1
130,43,1
145,43,1
147,43,1
44,51,1
44,53,1
44,55,1
44,57,1
44,65,1
44,73,1
44,82,1
44,83,1
44,87,1
105,44,1
106,44,1
112,44,1
117,44,1
118,44,1
147,44,1
51,53,1
51,58,1
51,62,1
51,65,1
51,82,1
51,83,1
53,55,1
53,57,1
53,65,1
53,73,1
53,82,1
53,87,1
105,53,1
106,53,1
112,53,1
117,53,1
118,53,1
130,53,1
145,53,1
147,53,1
55,56,1
55,62,1
55,82,1
117,55,1
56,65,1
56,87,1
112,56,1
117,56,1
57,62,1
57,65,1
57,82,1
58,73,1
58,82,1
117,58,1
118,58,1
147,58,1
62,65,1
62,73,1
62,82,1
62,87,1
106,62,1
112,62,1
117,62,1
118,62,1
130,62,1
147,62,1
65,73,1
65,87,1
105,65,1
106,65,1
117,65,1
118,65,1
145,65,1
147,65,1
117,71,1
73,82,1
73,83,1
82,87,1
105,82,1
106,82,1
112,82,1
117,82,1
118,82,1
130,82,1
145,82,1
147,82,1
117,83,1
118,83,1
147,83,1
117,130,1
119,38,1
64,87,1
55,92,1
60,92,1
74,92,1
87,92,1
87,99,1
92,99,1
16,63,1
110,16,1
39,51,1
39,60,1
39,63,1
110,39,1
118,39,1
110,51,1
56,63,1
110,60,1
110,118,1
12,87,1
12,124,1
124,51,1
124,57,1
116,12,1
12,129,1
116,17,1
129,51,1
129,57,1
129,60,1
116,129,1
116,38,1
106,108,1
42,80,1
21,77,1
21,78,1
45,78,1
55,77,1
66,77,1
66,78,1
112,77,1
14,85,1
124,60,1
58,60,1
58,89,1
74,93,1
87,93,1
118,129,1
26,8,1
52,8,1
8,92,1
8,96,1
26,9,1
52,9,1
70,9,1
9,92,1
9,96,1
13,26,1
13,70,1
13,92,1
13,96,1
23,26,1
23,77,1
26,40,1
26,58,1
26,59,1
26,70,1
26,73,1
26,74,1
26,77,1
26,92,1
26,96,1
112,26,1
130,26,1
40,52,1
40,70,1
40,77,1
40,92,1
40,96,1
52,58,1
52,59,1
58,70,1
58,77,1
58,92,1
58,96,1
59,70,1
59,73,1
59,92,1
59,96,1
130,59,1
70,77,1
70,92,1
71,92,1
71,96,1
73,74,1
73,77,1
74,96,1
77,92,1
77,96,1
130,77,1
92,96,1
112,92,1
112,96,1
130,96,1
37,8,1
69,8,1
21,46,1
23,46,1
26,46,1
26,57,1
26,94,1
111,26,1
119,26,1
123,26,1
132,26,1
37,40,1
37,46,1
37,59,1
37,77,1
40,69,1
111,40,1
46,57,1
46,69,1
46,87,1
46,94,1
107,46,1
111,46,1
123,46,1
57,59,1
57,77,1
59,69,1
59,94,1
107,59,1
111,59,1
123,59,1
69,77,1
77,87,1
77,94,1
107,77,1
111,77,1
119,77,1
123,77,1
132,77,1
3,51,1
3,55,1
111,9,1
21,36,1
23,36,1
36,87,1
107,36,1
111,36,1
119,36,1
132,36,1
109,14,1
16,30,1
109,17,1
109,23,1
30,60,1
30,66,1
109,32,1
109,55,1
109,57,1
60,65,1
109,60,1
65,66,1
109,66,1
109,74,1
125,129,1
8,91,1
110,8,1
13,91,1
116,13,1
116,23,1
119,32,1
119,66,1
119,70,1
71,91,1
87,91,1
116,87,1
116,91,1
119,91,1
110,116,1
110,119,1
116,119,1
11,7,1
14,7,1
16,7,1
32,7,1
59,7,1
60,7,1
7,73,1
7,88,1
110,7,1
135,7,1
146,7,1
37,9,1
110,9,1
135,9,1
11,16,1
11,37,1
11,60,1
11,70,1
11,74,1
11,88,1
11,111,1
11,135,1
11,146,1
14,37,1
14,70,1
14,88,1
110,14,1
15,37,1
15,60,1
110,15,1
111,15,1
135,15,1
146,15,1
16,37,1
16,61,1
16,70,1
16,73,1
17,88,1
110,17,1
146,17,1
135,23,1
146,23,1
146,32,1
37,51,1
37,60,1
37,65,1
37,88,1
118,37,1
146,37,1
51,59,1
51,88,1
135,51,1
146,51,1
110,55,1
146,55,1
57,88,1
135,57,1
146,57,1
58,88,1
110,58,1
59,60,1
59,61,1
110,59,1
118,59,1
135,59,1
145,59,1
146,59,1
60,83,1
60,88,1
135,60,1
61,65,1
61,88,1
110,61,1
111,61,1
118,61,1
146,61,1
65,67,1
65,70,1
65,88,1
110,65,1
111,65,1
135,65,1
70,88,1
135,70,1
74,83,1
74,88,1
110,74,1
111,74,1
135,74,1
146,74,1
83,88,1
135,83,1
146,83,1
110,88,1
111,88,1
118,88,1
130,88,1
135,88,1
145,88,1
146,88,1
105,135,1
110,112,1
110,130,1
110,135,1
110,146,1
111,135,1
111,146,1
112,135,1
112,146,1
118,135,1
66,80,1
10,26,1
14,26,1
14,52,1
16,26,1
16,38,1
16,52,1
17,26,1
17,52,1
26,38,1
26,51,1
26,56,1
26,60,1
26,66,1
106,26,1
38,52,1
51,52,1
52,56,1
52,57,1
52,60,1
52,66,1
56,70,1
56,74,1
27,47,1
39,47,1
129,47,1
129,83,1
38,7,1
63,7,1
66,7,1
7,86,1
7,91,1
117,7,1
17,63,1
17,91,1
27,38,1
27,65,1
27,70,1
27,73,1
27,91,1
27,99,1
117,27,1
32,99,1
37,38,1
37,63,1
37,66,1
37,86,1
37,91,1
37,99,1
38,86,1
38,99,1
51,91,1
51,99,1
60,91,1
63,65,1
63,99,1
65,86,1
65,91,1
65,94,1
65,99,1
70,99,1
73,99,1
86,91,1
86,99,1
91,99,1
117,99,1
16,33,1
139,32,1
116,33,1
139,33,1
139,51,1
139,57,1
139,60,1
116,139,1
116,146,1
118,139,1
139,147,1
146,147,1
6,77,1
106,6,1
134,6,1
145,6,1
146,6,1
106,146,1
118,134,1
145,98,1
144,60,1
144,145,1
143,16,1
146,66,1
143,146,1
11,39,1
39,74,1
18,74,1
18,33,1
18,48,1
18,70,1
18,93,1
18,94,1
18,96,1
110,18,1
111,18,1
143,18,1
32,96,1
143,32,1
33,70,1
33,74,1
33,88,1
33,96,1
38,88,1
48,74,1
48,96,1
111,48,1
143,48,1
147,48,1
143,71,1
143,74,1
88,93,1
88,96,1
106,88,1
143,88,1
147,88,1
106,96,1
110,96,1
106,143,1
131,23,1
131,51,1
134,51,1
131,57,1
131,60,1
134,60,1
134,73,1
131,74,1
134,74,1
131,87,1
106,131,1
111,131,1
118,131,1
131,145,1
131,147,1
7,81,1
21,81,1
55,81,1
74,81,1
112,81,1
11,49,1
49,6,1
122,60,1
11,64,1
11,66,1
38,64,1
43,64,1
43,66,1
64,66,1
64,82,1
66,82,1
74,82,1
12,64,1
16,64,1
60,64,1
26,32,1
69,70,1
107,35,1
130,35,1
30,98,1
17,47,1
0,66,1
18,7,1
111,43,1
23,4,1
4,63,1
4,80,1
4,96,1
145,4,1
146,4,1
63,9,1
80,9,1
13,63,1
13,80,1
14,63,1
14,96,1
15,63,1
15,80,1
15,96,1
16,96,1
23,54,1
129,23,1
27,54,1
27,96,1
39,54,1
39,96,1
42,63,1
42,96,1
54,58,1
54,63,1
54,80,1
54,96,1
129,54,1
130,54,1
58,63,1
58,80,1
59,63,1
59,80,1
62,63,1
62,96,1
63,71,1
63,80,1
129,63,1
146,63,1
80,96,1
146,80,1
129,96,1
129,145,1
113,9,1
13,86,1
113,13,1
113,16,1
125,16,1
113,27,1
113,39,1
131,39,1
142,39,1
113,48,1
129,48,1
113,71,1
86,96,1
113,86,1
125,86,1
131,86,1
113,96,1
125,96,1
131,96,1
105,113,1
105,129,1
113,125,1
113,129,1
113,131,1
113,142,1
113,145,1
113,146,1
125,131,1
12,131,1
12,133,1
131,38,1
133,38,1
138,38,1
131,63,1
133,63,1
133,70,1
138,70,1
133,138,1
133,145,1
111,124,1
124,130,1
51,80,1
21,6,1
123,6,1
123,78,1
10,3,1
10,111,1
107,11,1
107,43,1
66,83,1
5,55,1
5,66,1
109,7,1
51,90,1
109,51,1
14,99,1
29,8,1
72,9,1
9,99,1
10,99,1
10,146,1
11,99,1
109,11,1
11,115,1
11,126,1
11,139,1
11,142,1
13,72,1
13,99,1
14,29,1
14,72,1
115,14,1
126,14,1
14,142,1
16,72,1
115,16,1
126,16,1
21,72,1
115,21,1
135,21,1
139,21,1
141,21,1
146,21,1
23,72,1
115,23,1
126,23,1
139,23,1
29,65,1
29,72,1
29,99,1
56,99,1
58,72,1
58,99,1
134,65,1
68,72,1
68,99,1
71,99,1
72,83,1
72,99,1
105,72,1
109,72,1
115,72,1
119,72,1
125,72,1
126,72,1
130,72,1
132,72,1
134,72,1
135,72,1
142,72,1
146,72,1
83,99,1
115,83,1
126,83,1
141,83,1
142,83,1
109,99,1
115,99,1
119,99,1
125,99,1
126,99,1
128,99,1
130,99,1
132,99,1
134,99,1
135,99,1
139,99,1
141,99,1
142,99,1
146,99,1
105,109,1
105,115,1
105,119,1
105,126,1
105,128,1
105,139,1
105,141,1
109,125,1
109,126,1
109,146,1
115,125,1
115,126,1
115,130,1
115,134,1
115,139,1
115,141,1
119,146,1
125,139,1
126,130,1
126,139,1
126,146,1
130,139,1
145,92,1
147,92,1
17,69,1
26,35,1
26,99,1
105,26,1
35,52,1
35,55,1
52,99,1
69,74,1
69,99,1
105,69,1
14,97,1
15,97,1
58,97,1
12,146,1
0,12,1
0,16,1
0,45,1
0,64,1
12,69,1
107,12,1
119,12,1
13,64,1
14,69,1
16,69,1
17,45,1
45,64,1
60,69,1
64,94,1
118,64,1
66,69,1
118,69,1
21,86,1
39,73,1
55,86,1
119,73,1
119,86,1
16,90,1
4,57,1
138,4,1
138,9,1
138,14,1
19,57,1
138,19,1
138,39,1
138,44,1
47,57,1
138,47,1
138,62,1
120,9,1
120,14,1
120,16,1
120,39,1
12,7,1
8,90,1
10,12,1
10,60,1
11,12,1
11,90,1
12,15,1
12,58,1
12,65,1
12,83,1
12,90,1
109,12,1
12,132,1
14,90,1
15,90,1
43,90,1
132,51,1
57,90,1
60,90,1
132,60,1
132,74,1
109,87,1
118,90,1
106,109,1
107,109,1
109,112,1
109,118,1
118,132,1
14,2,1
10,98,1
10,123,1
11,98,1
11,123,1
123,15,1
23,98,1
74,98,1
107,98,1
123,98,1
12,134,1
12,140,1
12,141,1
12,143,1
14,76,1
14,93,1
14,140,1
14,143,1
16,76,1
16,93,1
117,16,1
140,16,1
141,32,1
33,87,1
130,33,1
134,33,1
141,33,1
134,38,1
141,38,1
146,38,1
143,51,1
143,60,1
63,87,1
134,63,1
141,63,1
134,66,1
141,66,1
134,70,1
141,70,1
141,73,1
76,87,1
130,76,1
134,76,1
140,76,1
141,76,1
130,86,1
134,86,1
141,86,1
143,86,1
105,93,1
130,93,1
134,93,1
141,93,1
141,94,1
105,140,1
111,140,1
111,141,1
117,134,1
117,141,1
130,140,1
130,143,1
134,140,1
134,143,1
140,141,1
140,146,1
141,143,1
141,145,1
141,147,1
39,99,1
147,39,1
147,99,1
6,65,1
65,78,1
111,78,1
18,99,1
39,77,1
11,97,1
18,97,1
18,98,1
115,18,1
144,18,1
115,42,1
43,98,1
51,97,1
51,98,1
115,51,1
144,51,1
105,97,1
112,97,1
115,97,1
112,98,1
105,144,1
112,115,1
112,144,1
21,80,1
12,2,1
16,2,1
2,66,1
12,30,1
57,80,1
103,80,1
147,80,1
38,6,1
38,59,1
3,66,1
106,4,1
106,19,1
106,78,1
61,94,1
53,6,1
31,7,1
53,7,1
108,7,1
108,8,1
103,9,1
108,9,1
12,31,1
12,39,1
12,53,1
12,61,1
12,78,1
108,12,1
15,66,1
27,30,1
27,31,1
27,40,1
27,43,1
30,39,1
103,30,1
108,30,1
111,30,1
31,66,1
31,78,1
103,31,1
108,31,1
111,31,1
39,40,1
39,43,1
39,53,1
39,61,1
39,65,1
39,66,1
103,40,1
108,40,1
43,61,1
103,43,1
108,43,1
53,61,1
53,66,1
53,74,1
103,53,1
108,53,1
111,53,1
61,66,1
108,61,1
103,65,1
108,65,1
108,66,1
108,74,1
108,83,1
108,111,1
108,119,1
33,39,1
17,95,1
74,95,1
120,17,1
15,52,1
128,15,1
18,29,1
18,37,1
18,52,1
18,85,1
119,18,1
128,18,1
135,18,1
29,32,1
29,52,1
29,55,1
29,57,1
29,70,1
29,73,1
29,74,1
112,29,1
32,85,1
37,85,1
52,85,1
119,52,1
128,52,1
135,52,1
55,85,1
70,85,1
128,70,1
73,85,1
128,73,1
135,85,1
112,128,1
31,63,1
13,93,1
29,39,1
29,63,1
29,75,1
29,86,1
29,93,1
110,29,1
127,29,1
32,72,1
32,75,1
127,32,1
132,32,1
138,32,1
39,70,1
39,72,1
39,93,1
127,39,1
56,94,1
57,68,1
57,72,1
127,57,1
63,72,1
63,75,1
63,83,1
132,63,1
139,63,1
68,86,1
70,72,1
70,75,1
127,70,1
132,70,1
139,70,1
72,73,1
72,75,1
72,86,1
72,93,1
72,94,1
110,72,1
127,72,1
138,72,1
145,72,1
73,75,1
132,73,1
139,73,1
75,86,1
75,93,1
105,75,1
110,75,1
127,75,1
138,75,1
139,75,1
146,75,1
83,86,1
83,93,1
127,83,1
138,83,1
110,86,1
127,86,1
132,86,1
139,86,1
127,93,1
132,93,1
139,93,1
139,94,1
105,127,1
110,127,1
110,132,1
110,139,1
127,132,1
127,139,1
127,145,1
12,139,1
17,93,1
139,38,1
116,93,1
26,6,1
6,90,1
128,6,1
9,90,1
11,26,1
15,26,1
19,21,1
19,23,1
19,26,1
19,38,1
19,55,1
19,60,1
19,65,1
19,66,1
19,74,1
19,87,1
19,90,1
107,19,1
112,19,1
26,39,1
26,65,1
128,26,1
38,39,1
38,90,1
107,38,1
128,38,1
39,90,1
128,39,1
58,66,1
66,90,1
128,66,1
128,90,1
107,128,1
44,59,1
16,20,1
20,56,1
106,20,1
32,98,1
15,99,1
12,75,1
77,88,1
141,26,1
27,64,1
38,92,1
60,96,1
66,92,1
6,99,1
4,70,1
19,68,1
19,85,1
68,78,1
116,4,1
116,9,1
116,19,1
55,95,1
24,39,1
129,24,1
60,82,1
12,4,1
4,74,1
12,18,1
12,19,1
10,140,1
140,27,1
140,68,1
133,79,1
116,133,1
133,32,1
133,33,1
133,66,1
133,93,1
103,116,1
110,133,1
145,19,1
105,45,1
40,64,1
111,64,1
129,64,1
111,129,1
134,19,1
129,53,1
134,53,1
53,90,1
133,99,1
6,69,1
6,94,1
137,6,1
137,8,1
69,9,1
137,9,1
10,69,1
10,70,1
10,137,1
11,69,1
11,94,1
11,137,1
21,70,1
38,69,1
137,59,1
147,59,1
137,69,1
147,69,1
107,137,1
42,90,1
56,90,1
139,66,1
4,43,1
14,98,1
16,98,1
43,47,1
129,43,1
53,98,1
77,98,1
83,98,1
37,6,1
6,92,1
121,6,1
132,6,1
133,6,1
141,6,1
133,9,1
13,133,1
15,69,1
15,92,1
15,94,1
121,15,1
133,15,1
18,26,1
18,61,1
18,69,1
18,92,1
121,18,1
123,18,1
132,18,1
133,18,1
141,18,1
21,92,1
26,29,1
26,43,1
26,83,1
121,26,1
133,26,1
29,51,1
29,67,1
29,69,1
29,77,1
29,87,1
106,29,1
121,29,1
123,29,1
133,29,1
37,43,1
37,92,1
133,37,1
141,37,1
40,99,1
133,40,1
141,40,1
43,69,1
43,70,1
43,92,1
43,94,1
43,99,1
133,43,1
141,43,1
51,77,1
51,92,1
57,92,1
57,99,1
133,58,1
59,99,1
121,59,1
133,59,1
141,59,1
61,77,1
61,99,1
106,61,1
121,61,1
133,61,1
141,61,1
65,69,1
65,92,1
121,65,1
123,65,1
133,65,1
67,77,1
67,92,1
67,99,1
133,67,1
141,67,1
69,92,1
128,69,1
133,69,1
141,69,1
121,70,1
123,70,1
77,99,1
106,77,1
121,77,1
133,77,1
141,77,1
145,77,1
83,92,1
133,83,1
106,92,1
119,92,1
121,92,1
123,92,1
128,92,1
132,92,1
133,92,1
141,92,1
121,99,1
123,99,1
106,141,1
112,133,1
112,141,1
119,133,1
121,133,1
121,141,1
123,133,1
123,141,1
128,133,1
130,133,1
132,133,1
3,60,1
3,98,1
60,98,1
17,20,1
20,99,1
147,20,1
4,60,1
118,4,1
147,4,1
118,19,1
147,19,1
48,60,1
118,48,1
16,91,1
139,91,1
103,139,1
118,78,1
139,78,1
19,63,1
105,19,1
44,63,1
137,55,1
137,65,1
137,87,1
17,92,1
141,64,1
122,13,1
122,23,1
32,77,1
32,92,1
122,32,1
122,52,1
60,77,1
61,63,1
122,61,1
63,74,1
63,77,1
122,63,1
122,70,1
122,74,1
122,77,1
122,92,1
122,94,1
122,96,1
122,130,1
122,145,1
105,64,1
60,85,1
107,85,1
132,4,1
142,4,1
142,78,1
47,60,1
60,62,1
3,58,1
3,59,1
107,3,1
10,37,1
10,121,1
37,78,1
78,94,1
121,78,1
12,123,1
117,119,1
122,15,1
122,16,1
122,51,1
105,122,1
106,122,1
133,68,1
133,75,1
21,4,1
6,63,1
116,39,1
116,74,1
100,23,1
100,118,1
100,145,1
10,64,1
10,66,1
145,64,1
132,66,1
145,78,1
147,37,1
123,38,1
52,68,1
117,52,1
55,68,1
60,68,1
112,68,1
147,68,1
119,147,1
13,33,1
21,33,1
21,63,1
21,93,1
110,21,1
33,37,1
33,52,1
33,55,1
112,33,1
119,33,1
52,93,1
118,52,1
55,63,1
55,93,1
112,63,1
119,63,1
112,93,1
119,93,1
125,74,1
36,4,1
37,4,1
126,4,1
135,4,1
141,4,1
28,6,1
48,6,1
6,68,1
125,6,1
126,6,1
135,6,1
138,6,1
139,6,1
142,6,1
138,8,1
10,24,1
10,48,1
10,85,1
10,138,1
11,85,1
11,138,1
15,24,1
15,28,1
15,36,1
126,15,1
138,15,1
142,15,1
16,24,1
16,36,1
17,28,1
17,29,1
17,36,1
126,17,1
23,24,1
23,28,1
24,29,1
24,32,1
24,36,1
24,37,1
24,40,1
24,48,1
24,58,1
24,70,1
24,85,1
105,24,1
125,24,1
126,24,1
130,24,1
135,24,1
138,24,1
139,24,1
141,24,1
145,24,1
146,24,1
28,32,1
28,36,1
28,37,1
28,70,1
28,85,1
105,28,1
109,28,1
119,28,1
125,28,1
126,28,1
130,28,1
139,28,1
141,28,1
145,28,1
146,28,1
29,36,1
32,36,1
125,32,1
126,32,1
36,37,1
36,39,1
36,40,1
36,48,1
36,58,1
36,70,1
36,78,1
36,85,1
36,98,1
105,36,1
109,36,1
125,36,1
126,36,1
128,36,1
130,36,1
134,36,1
135,36,1
138,36,1
141,36,1
142,36,1
145,36,1
146,36,1
37,48,1
37,62,1
37,98,1
138,37,1
139,37,1
39,85,1
39,98,1
109,39,1
126,39,1
135,39,1
126,40,1
139,40,1
146,40,1
59,98,1
109,59,1
126,59,1
134,59,1
138,59,1
139,59,1
142,59,1
62,70,1
119,62,1
125,62,1
126,62,1
128,62,1
132,62,1
135,62,1
139,62,1
141,62,1
142,62,1
70,98,1
109,70,1
125,70,1
126,70,1
126,78,1
134,78,1
135,78,1
138,78,1
146,78,1
126,85,1
134,85,1
142,85,1
109,98,1
126,98,1
128,98,1
138,98,1
109,138,1
109,145,1
126,145,1
131,17,1
18,64,1
107,18,1
125,18,1
131,18,1
134,18,1
146,18,1
131,32,1
39,64,1
131,55,1
62,64,1
103,62,1
107,62,1
103,64,1
125,64,1
131,64,1
134,64,1
146,64,1
107,131,1
107,146,1
17,77,1
32,47,1
13,140,1
27,93,1
140,37,1
140,55,1
140,71,1
123,140,1
105,80,1
137,16,1
137,17,1
137,74,1
57,64,1
64,99,1
12,37,1
12,68,1
12,122,1
122,37,1
122,38,1
51,68,1
122,55,1
122,57,1
122,58,1
68,74,1
122,68,1
122,73,1
112,122,1
118,122,1
122,147,1
2,90,1
112,116,1
0,139,1
139,64,1
112,35,1
107,133,1
11,129,1
16,49,1
19,49,1
39,49,1
42,49,1
49,62,1
49,78,1
129,49,1
2,7,1
77,81,1
144,77,1
144,81,1
110,27,1
143,27,1
120,27,1
120,32,1
108,86,1
120,86,1
108,120,1
69,85,1
21,85,1
51,85,1
118,85,1
106,68,1
85,87,1
106,85,1
2,38,1
111,2,1
117,74,1
111,128,1
117,128,1
42,86,1
111,139,1
116,21,1
6,91,1
55,91,1
124,63,1
116,124,1
108,56,1
108,145,1
23,81,1
9,91,1
14,91,1
53,60,1
53,70,1
53,91,1
56,91,1
62,91,1
85,86,1
63,89,1
116,76,1
110,89,1
116,89,1
12,3,1
17,3,1
120,23,1
33,44,1
33,80,1
120,33,1
135,33,1
37,44,1
37,80,1
120,37,1
143,37,1
38,80,1
120,38,1
135,38,1
142,38,1
117,39,1
140,39,1
143,39,1
44,60,1
44,66,1
44,70,1
44,86,1
44,94,1
111,44,1
140,44,1
142,44,1
143,44,1
120,51,1
120,57,1
60,80,1
120,60,1
142,60,1
120,66,1
135,66,1
70,80,1
120,70,1
73,80,1
120,73,1
80,86,1
80,94,1
106,80,1
111,80,1
117,80,1
118,80,1
135,80,1
140,80,1
142,80,1
143,80,1
135,86,1
120,87,1
120,94,1
106,120,1
106,135,1
106,140,1
106,142,1
111,120,1
117,120,1
117,135,1
118,120,1
120,130,1
120,134,1
120,135,1
120,140,1
120,142,1
120,143,1
120,145,1
120,146,1
120,147,1
135,140,1
135,143,1
140,142,1
116,140,1
104,107,1
26,85,1
52,98,1
3,61,1
109,3,1
4,51,1
124,17,1
145,81,1
11,92,1
107,92,1
16,89,1
116,58,1
47,87,1
106,47,1
35,9,1
16,35,1
133,27,1
137,27,1
35,48,1
35,86,1
133,35,1
48,51,1
48,55,1
48,66,1
48,69,1
48,87,1
133,48,1
137,48,1
137,51,1
137,60,1
69,86,1
133,86,1
137,86,1
118,137,1
133,137,1
137,141,1
132,38,1
21,91,1
30,91,1
74,91,1
90,91,1
109,91,1
112,91,1
139,27,1
139,42,1
44,85,1
139,44,1
108,14,1
107,108,1
127,40,1
127,92,1
144,58,1
131,77,1
131,78,1
131,132,1
18,68,1
108,21,1
108,68,1
12,85,1
38,4,1
131,19,1
129,38,1
116,40,1
116,98,1
116,128,1
136,8,1
136,53,1
146,19,1
11,45,1
18,45,1
29,38,1
107,29,1
38,77,1
38,78,1
78,92,1
1,45,1
92,93,1
110,92,1
0,67,1
0,98,1
26,5,1
5,65,1
5,67,1
123,5,1
130,5,1
132,5,1
26,98,1
65,98,1
23,47,1
62,66,1
62,67,1
121,62,1
66,67,1
121,66,1
68,92,1
4,82,1
22,6,1
22,8,1
13,22,1
22,28,1
22,39,1
22,47,1
22,58,1
22,59,1
22,62,1
22,77,1
22,82,1
105,22,1
28,82,1
39,82,1
105,47,1
59,82,1
105,77,1
118,125,1
63,67,1
115,63,1
121,63,1
115,87,1
115,121,1
0,6,1
5,87,1
5,99,1
128,5,1
48,99,1
112,48,1
55,98,1
85,99,1
123,85,1
87,98,1
98,99,1
37,5,1
5,73,1
0,103,1
0,111,1
0,134,1
103,5,1
106,5,1
111,5,1
134,5,1
145,5,1
12,5,1
14,5,1
17,5,1
31,5,1
32,5,1
5,51,1
5,57,1
118,5,1
120,5,1
120,8,1
12,120,1
120,13,1
120,18,1
120,21,1
31,70,1
120,31,1
120,55,1
120,71,1
120,74,1
5,64,1
147,26,1
147,64,1
0,77,1
16,5,1
5,82,1
0,146,1
146,5,1
0,125,1
94,98,1
109,26,1
109,94,1
45,61,1
118,2,1
16,22,1
144,16,1
18,22,1
22,65,1
22,71,1
22,78,1
22,83,1
22,88,1
119,22,1
28,88,1
144,28,1
144,83,1
119,88,1
119,144,1
0,52,1
0,113,1
0,135,1
30,5,1
5,52,1
113,5,1
135,5,1
113,15,1
113,26,1
135,26,1
30,52,1
113,30,1
132,30,1
135,30,1
113,43,1
52,83,1
113,52,1
132,52,1
113,58,1
113,74,1
113,83,1
113,87,1
113,94,1
112,113,1
113,119,1
113,128,1
113,132,1
113,135,1
52,7,1
123,135,1
0,120,1
120,15,1
124,99,1
129,99,1
124,129,1
117,137,1
124,83,1
19,82,1
135,19,1
139,19,1
141,19,1
142,19,1
134,77,1
135,77,1
139,77,1
142,77,1
128,82,1
141,82,1
142,82,1
20,6,1
116,20,1
116,52,1
110,6,1
56,92,1
137,56,1
82,92,1
137,82,1
137,92,1
27,82,1
3,86,1
17,34,1
34,37,1
34,58,1
34,68,1
34,71,1
34,82,1
34,86,1
119,34,1
124,34,1
125,34,1
132,34,1
37,82,1
124,37,1
124,58,1
82,86,1
124,82,1
124,86,1
119,124,1
102,11,1
106,98,1
20,36,1
4,55,1
60,79,1
11,27,1
11,63,1
11,86,1
11,120,1
27,98,1
144,27,1
144,32,1
40,86,1
115,40,1
120,40,1
63,98,1
120,63,1
144,63,1
86,98,1
115,86,1
144,86,1
120,98,1
106,115,1
106,144,1
116,7,1
40,79,1
137,40,1
116,55,1
116,94,1
116,137,1
13,34,1
13,81,1
23,34,1
26,34,1
26,81,1
124,26,1
34,43,1
34,52,1
34,55,1
34,70,1
34,74,1
34,77,1
34,81,1
34,92,1
34,94,1
34,96,1
106,34,1
128,34,1
133,34,1
147,34,1
37,81,1
43,96,1
124,43,1
52,81,1
55,96,1
70,81,1
124,70,1
124,74,1
124,77,1
147,77,1
81,92,1
81,94,1
81,96,1
106,81,1
124,81,1
128,81,1
130,81,1
133,81,1
147,81,1
124,92,1
124,94,1
124,96,1
128,96,1
133,96,1
106,124,1
124,133,1
124,147,1
133,147,1
124,40,1
124,98,1
19,51,1
117,6,1
103,14,1
25,6,1
54,6,1
115,6,1
10,25,1
10,47,1
10,54,1
11,25,1
11,47,1
11,54,1
21,24,1
21,28,1
21,47,1
21,54,1
144,21,1
24,25,1
24,27,1
24,43,1
24,47,1
24,82,1
115,24,1
25,82,1
115,25,1
139,25,1
27,77,1
115,39,1
43,54,1
139,43,1
119,47,1
132,47,1
115,54,1
119,54,1
132,54,1
115,59,1
115,62,1
78,82,1
115,82,1
144,82,1
128,144,1
138,55,1
138,74,1
66,98,1
28,38,1
62,88,1
141,88,1
16,81,1
39,81,1
81,87,1
144,19,1
17,96,1
96,99,1
17,22,1
17,54,1
18,54,1
19,22,1
19,54,1
22,27,1
22,42,1
22,53,1
22,54,1
133,139,1
0,28,1
107,28,1
123,28,1
105,123,1
11,121,1
18,36,1
36,55,1
36,57,1
36,67,1
36,69,1
36,99,1
106,36,1
112,36,1
121,36,1
123,36,1
65,85,1
121,85,1
14,25,1
19,25,1
139,61,1
139,74,1
90,99,1
139,90,1
145,90,1
123,86,1
114,13,1
114,23,1
114,55,1
114,68,1
114,70,1
107,114,1
123,66,1
137,32,1
24,7,1
24,55,1
24,66,1
24,74,1
111,24,1
112,24,1
63,8,1
55,72,1
72,87,1
106,116,1
2,64,1
105,2,1
38,98,1
131,42,1
119,131,1
4,75,1
75,8,1
75,9,1
10,75,1
11,75,1
16,75,1
17,75,1
36,38,1
36,75,1
125,38,1
126,38,1
59,75,1
62,75,1
75,78,1
126,75,1
128,75,1
135,75,1
142,75,1
63,69,1
141,7,1
17,72,1
18,60,1
18,72,1
109,18,1
30,37,1
30,72,1
125,30,1
141,30,1
31,37,1
31,60,1
31,72,1
31,98,1
107,31,1
37,72,1
40,72,1
57,98,1
59,72,1
60,72,1
60,78,1
125,60,1
72,78,1
72,98,1
107,72,1
112,72,1
147,72,1
147,98,1
107,135,1
107,141,1
109,147,1
125,147,1
140,17,1
23,95,1
57,95,1
61,86,1
140,61,1
69,90,1
117,69,1
140,69,1
86,90,1
86,95,1
107,86,1
90,95,1
140,90,1
117,95,1
140,95,1
145,95,1
147,95,1
112,140,1
26,4,1
4,52,1
4,73,1
107,4,1
112,4,1
117,4,1
10,52,1
10,86,1
15,86,1
26,28,1
26,31,1
26,68,1
26,78,1
26,86,1
117,26,1
125,26,1
126,26,1
146,26,1
28,31,1
28,52,1
28,57,1
28,60,1
28,73,1
28,74,1
28,86,1
106,28,1
112,28,1
117,28,1
29,60,1
117,29,1
31,52,1
52,78,1
125,52,1
126,52,1
141,52,1
126,57,1
126,60,1
73,78,1
126,74,1
78,86,1
117,78,1
117,85,1
126,86,1
128,86,1
106,126,1
112,126,1
117,132,1
26,41,1
41,85,1
41,87,1
106,41,1
132,41,1
103,85,1
10,63,1
125,63,1
12,125,1
125,51,1
125,66,1
20,9,1
11,20,1
11,22,1
19,20,1
12,48,1
21,48,1
82,90,1
14,35,1
122,14,1
137,14,1
122,27,1
35,68,1
122,35,1
137,68,1
137,71,1
122,137,1
128,137,1
3,43,1
64,70,1
136,9,1
11,136,1
121,17,1
123,17,1
136,17,1
136,21,1
136,23,1
30,36,1
30,63,1
30,67,1
30,70,1
121,30,1
136,30,1
136,32,1
36,63,1
36,94,1
136,36,1
136,40,1
136,57,1
136,58,1
136,59,1
63,78,1
136,63,1
136,67,1
136,70,1
136,78,1
136,83,1
136,87,1
136,94,1
107,136,1
112,136,1
121,136,1
123,136,1
130,136,1
136,145,1
124,145,1
36,74,1
103,36,1
37,47,1
47,99,1
82,99,1
27,72,1
38,72,1
51,72,1
52,65,1
52,72,1
106,72,1
111,72,1
118,72,1
118,99,1
17,25,1
25,40,1
25,72,1
25,74,1
109,27,1
28,72,1
28,94,1
72,77,1
109,77,1
125,77,1
42,60,1
34,6,1
52,6,1
6,96,1
11,34,1
11,96,1
103,11,1
28,34,1
28,92,1
28,96,1
103,28,1
34,40,1
34,65,1
103,34,1
65,96,1
103,77,1
103,92,1
103,96,1
106,114,1
114,132,1
144,17,1
48,82,1
131,6,1
128,131,1
0,93,1
125,19,1
108,116,1
103,19,1
89,9,1
10,89,1
43,89,1
65,89,1
83,89,1
2,41,1
2,83,1
2,91,1
103,2,1
137,2,1
147,2,1
41,7,1
7,77,1
41,8,1
13,41,1
13,137,1
21,41,1
30,41,1
30,69,1
137,30,1
41,52,1
41,55,1
41,58,1
41,60,1
41,65,1
41,69,1
41,71,1
41,74,1
41,77,1
41,83,1
107,41,1
133,41,1
147,41,1
52,91,1
137,52,1
58,91,1
137,58,1
69,91,1
77,91,1
137,77,1
83,91,1
137,83,1
91,92,1
106,91,1
107,91,1
133,91,1
137,91,1
111,92,1
111,133,1
0,4,1
124,64,1
48,57,1
48,67,1
103,48,1
121,48,1
111,62,1
123,62,1
121,68,1
25,64,1
147,25,1
28,55,1
28,64,1
147,28,1
139,55,1
64,65,1
85,93,1
137,85,1
109,93,1
109,137,1
37,64,1
45,99,1
12,77,1
18,3,1
147,45,1
45,82,1
4,66,1
120,62,1
62,99,1
78,99,1
144,23,1
28,30,1
30,47,1
30,88,1
144,30,1
31,36,1
31,47,1
31,88,1
36,47,1
36,82,1
36,88,1
47,88,1
107,47,1
82,88,1
107,82,1
107,88,1
109,88,1
125,88,1
107,144,1
125,144,1
21,35,1
112,137,1
19,64,1
44,89,1
138,31,1
126,82,1
138,82,1
137,37,1
12,26,1
12,44,1
14,75,1
18,66,1
18,75,1
26,44,1
26,75,1
134,26,1
44,64,1
44,75,1
64,75,1
147,75,1
10,35,1
15,35,1
15,72,1
121,16,1
35,40,1
35,43,1
35,58,1
35,72,1
119,35,1
121,35,1
139,35,1
43,72,1
43,86,1
138,43,1
138,60,1
66,72,1
67,72,1
67,86,1
139,67,1
69,72,1
138,69,1
139,69,1
103,72,1
121,72,1
121,73,1
121,86,1
138,87,1
139,87,1
103,128,1
103,141,1
105,121,1
118,138,1
121,138,1
121,139,1
107,33,1
79,8,1
14,79,1
133,14,1
15,79,1
16,79,1
133,39,1
62,74,1
62,79,1
133,62,1
64,79,1
106,64,1
133,64,1
131,66,1
74,79,1
131,79,1
133,134,1
11,91,1
18,91,1
138,18,1
40,91,1
138,52,1
130,91,1
135,91,1
138,91,1
146,91,1
112,138,1
117,138,1
123,146,1
110,137,1
109,5,1
109,67,1
110,78,1
128,33,1
132,33,1
37,89,1
107,89,1
132,89,1
110,128,1
108,33,1
108,37,1
108,44,1
108,63,1
108,118,1
108,134,1
108,147,1
112,120,1
2,35,1
2,85,1
2,88,1
138,2,1
35,6,1
11,35,1
11,124,1
124,21,1
25,26,1
25,35,1
25,36,1
25,51,1
25,70,1
25,88,1
124,25,1
138,25,1
26,36,1
26,48,1
26,88,1
138,26,1
35,36,1
35,65,1
35,78,1
35,85,1
35,88,1
124,35,1
36,51,1
124,36,1
48,65,1
138,51,1
138,65,1
85,88,1
124,85,1
107,124,1
127,21,1
127,37,1
144,37,1
127,52,1
144,52,1
73,98,1
144,73,1
127,98,1
119,127,1
126,144,1
127,144,1
116,37,1
116,65,1
116,125,1
19,70,1
63,82,1
47,51,1
10,91,1
28,91,1
29,91,1
36,91,1
131,36,1
131,37,1
48,91,1
59,91,1
78,91,1
126,91,1
128,91,1
131,91,1
132,91,1
134,91,1
142,91,1
131,135,1
131,139,1
26,63,1
137,26,1
34,38,1
34,63,1
137,34,1
43,63,1
137,43,1
130,137,1
37,76,1
107,116,1
104,71,1
104,63,1
104,75,1
116,75,1
131,75,1
104,106,1
104,116,1
104,131,1
116,131,1
49,9,1
28,49,1
38,49,1
103,4,1
36,43,1
36,66,1
6,97,1
14,49,1
17,49,1
17,97,1
19,88,1
19,97,1
39,97,1
49,97,1
56,97,1
88,97,1
2,28,1
10,45,1
104,8,1
143,8,1
104,9,1
124,9,1
143,9,1
104,13,1
13,143,1
104,14,1
18,25,1
104,18,1
126,18,1
129,18,1
104,19,1
124,19,1
126,19,1
143,19,1
104,23,1
104,25,1
126,25,1
143,25,1
146,25,1
104,28,1
124,28,1
143,28,1
104,39,1
104,40,1
143,40,1
104,56,1
143,56,1
104,62,1
143,62,1
104,68,1
104,124,1
104,125,1
104,126,1
104,128,1
104,129,1
104,132,1
104,134,1
104,141,1
104,143,1
104,146,1
124,126,1
124,143,1
125,143,1
126,129,1
128,129,1
128,143,1
129,132,1
129,143,1
132,143,1
48,64,1
104,38,1
104,51,1
104,66,1
104,79,1
104,111,1
104,118,1
104,145,1
117,36,1
117,98,1
72,90,1
133,72,1
77,90,1
133,90,1
22,32,1
134,35,1
0,46,1
0,122,1
122,8,1
122,40,1
46,51,1
46,74,1
122,46,1
104,32,1
109,73,1
10,33,1
10,93,1
10,116,1
124,33,1
124,93,1
4,72,1
47,68,1
47,72,1
47,74,1
147,47,1
62,72,1
131,72,1
144,72,1
144,74,1
131,82,1
131,141,1
141,144,1
144,147,1
38,61,1
38,95,1
52,95,1
103,95,1
110,95,1
40,88,1
40,93,1
110,40,1
48,92,1
88,92,1
12,91,1
61,91,1
108,48,1
108,110,1
104,27,1
104,64,1
104,87,1
104,147,1
29,30,1
29,64,1
29,66,1
103,29,1
30,64,1
58,64,1
64,83,1
64,98,1
121,64,1
123,64,1
69,98,1
121,98,1
125,43,1
142,43,1
104,99,1
116,69,1
109,38,1
119,80,1
63,64,1
17,80,1
109,45,1
103,109,1
46,66,1
142,69,1
107,139,1
143,92,1
127,87,1
103,127,1
107,127,1
127,147,1
11,116,1
104,70,1
104,73,1
104,83,1
116,83,1
104,92,1
116,92,1
104,93,1
104,94,1
104,110,1
70,90,1
103,90,1
68,7,1
106,139,1
19,46,1
46,82,1
4,90,1
111,4,1
111,90,1
114,29,1
114,58,1
114,71,1
114,73,1
114,74,1
114,85,1
114,119,1
114,130,1
114,146,1
143,7,1
7,82,1
2,76,1
2,79,1
2,95,1
13,76,1
21,76,1
21,95,1
30,76,1
30,79,1
30,95,1
40,76,1
55,76,1
58,76,1
65,76,1
65,79,1
65,95,1
71,76,1
74,76,1
76,90,1
76,95,1
119,76,1
132,76,1
79,90,1
79,95,1
119,95,1
123,95,1
4,94,1
47,94,1
54,57,1
129,94,1
35,64,1
64,68,1
6,73,1
6,79,1
52,79,1
138,96,1
26,76,1
107,76,1
112,76,1
46,53,1
144,53,1
12,52,1
27,90,1
28,51,1
28,90,1
13,49,1
29,49,1
29,88,1
144,29,1
36,49,1
49,68,1
49,77,1
132,49,1
144,49,1
132,88,1
108,62,1
11,133,1
36,56,1
133,36,1
133,56,1
133,78,1
82,94,1
133,82,1
115,94,1
109,133,1
115,133,1
133,142,1
75,91,1
75,96,1
117,75,1
143,75,1
91,96,1
140,26,1
102,8,1
102,14,1
102,16,1
102,17,1
102,23,1
31,99,1
102,31,1
102,58,1
102,62,1
102,68,1
102,82,1
129,82,1
102,83,1
102,85,1
102,99,1
102,105,1
102,109,1
102,118,1
102,119,1
102,125,1
102,128,1
102,129,1
102,130,1
109,129,1
130,47,1
140,8,1
140,58,1
110,69,1
140,74,1
110,140,1
119,140,1
132,140,1
103,3,1
105,3,1
133,3,1
12,46,1
12,98,1
130,46,1
127,38,1
86,92,1
127,96,1
110,123,1
123,127,1
101,110,1
101,111,1
101,145,1
140,64,1
124,140,1
102,15,1
102,47,1
117,25,1
13,89,1
17,89,1
26,89,1
26,91,1
55,89,1
61,89,1
89,91,1
89,99,1
112,89,1
104,44,1
35,41,1
35,93,1
15,22,1
133,20,1
4,92,1
117,48,1
117,92,1
76,96,1
118,96,1
116,123,1
104,86,1
104,127,1
104,138,1
104,139,1
104,142,1
108,77,1
32,49,1
49,70,1
116,49,1
137,146,1
134,96,1
127,26,1
127,55,1
127,58,1
127,67,1
107,96,1
101,17,1
101,23,1
101,26,1
101,32,1
35,92,1
35,96,1
101,35,1
109,35,1
101,52,1
109,52,1
101,55,1
101,67,1
101,73,1
101,74,1
101,87,1
101,92,1
109,92,1
138,92,1
101,94,1
101,96,1
109,96,1
132,96,1
101,103,1
101,105,1
101,107,1
101,109,1
129,88,1
132,137,1
118,98,1
139,76,1
14,22,1
1,37,1
1,73,1
10,133,1
64,73,1
128,64,1
17,76,1
27,76,1
39,76,1
39,89,1
143,17,1
31,69,1
110,31,1
123,31,1
143,31,1
143,52,1
126,63,1
126,69,1
135,69,1
143,69,1
126,87,1
110,99,1
138,99,1
143,99,1
103,126,1
103,135,1
107,143,1
110,125,1
110,126,1
112,143,1
119,143,1
123,126,1
126,147,1
132,147,1
117,35,1
124,7,1
33,92,1
64,72,1
109,111,1
109,123,1
133,28,1
115,17,1
146,43,1
57,97,1
115,57,1
144,57,1
71,97,1
106,97,1
130,97,1
145,97,1
146,97,1
12,80,1
116,80,1
47,96,1
110,47,1
12,47,1
47,73,1
129,73,1
115,37,1
68,89,1
69,89,1
115,69,1
115,74,1
115,89,1
135,89,1
107,115,1
115,123,1
105,90,1
116,90,1
116,42,1
116,62,1
116,78,1
20,8,1
20,47,1
20,62,1
20,77,1
20,78,1
131,20,1
35,77,1
76,9,1
31,76,1
116,31,1
68,76,1
76,98,1
112,139,1
116,141,1
18,47,1
42,74,1
101,9,1
101,21,1
101,112,1
27,36,1
36,44,1
129,36,1
128,44,1
120,26,1
120,69,1
12,144,1
144,87,1
124,90,1
144,90,1
146,90,1
111,144,1
124,144,1
28,35,1
123,144,1
108,58,1
31,46,1
46,68,1
141,46,1
134,47,1
142,47,1
17,33,1
121,96,1
110,121,1
134,52,1
114,91,1
112,114,1
114,117,1
114,123,1
114,134,1
114,135,1
26,80,1
10,41,1
11,41,1
41,59,1
41,68,1
41,98,1
112,41,1
119,41,1
128,41,1
128,63,1
139,26,1
139,52,1
134,90,1
25,86,1
104,6,1
10,129,1
35,8,1
123,16,1
117,64,1
28,69,1
64,77,1
106,35,1
3,74,1
3,82,1
27,92,1
134,92,1
45,62,1
45,98,1
134,45,1
134,42,1
35,95,1
30,35,1
26,33,1
116,26,1
118,26,1
139,18,1
10,96,1
10,120,1
51,96,1
120,67,1
120,96,1
135,96,1
107,120,1
124,4,1
0,61,1
1,66,1
56,80,1
68,80,1
125,80,1
139,80,1
27,3,1
3,64,1
4,89,1
78,89,1
129,89,1
143,55,1
110,134,1
110,141,1
117,139,1
139,143,1
120,56,1
120,82,1
120,129,1
12,35,1
33,35,1
35,91,1
116,35,1
146,35,1
76,91,1
105,34,1
8,80,1
14,46,1
15,46,1
16,46,1
17,46,1
27,29,1
27,46,1
28,80,1
29,44,1
29,46,1
29,47,1
29,80,1
39,46,1
40,80,1
42,72,1
141,42,1
44,46,1
44,72,1
125,44,1
131,44,1
132,44,1
141,44,1
46,55,1
46,56,1
46,72,1
46,80,1
105,46,1
124,46,1
129,46,1
131,46,1
139,46,1
146,46,1
47,55,1
47,80,1
124,47,1
146,47,1
48,80,1
55,80,1
129,55,1
144,55,1
72,80,1
72,85,1
124,72,1
129,72,1
77,80,1
146,77,1
78,80,1
80,83,1
80,85,1
124,80,1
128,80,1
131,80,1
132,80,1
141,80,1
144,80,1
124,131,1
104,12,1
104,57,1
104,60,1
77,86,1
126,77,1
138,77,1
109,86,1
64,93,1
110,64,1
106,129,1
110,4,1
110,98,1
109,110,1
25,32,1
25,52,1
25,73,1
25,96,1
104,37,1
104,52,1
64,86,1
64,96,1
104,96,1
104,117,1
104,123,1
104,130,1
41,51,1
72,92,1
72,96,1
137,72,1
24,31,1
116,24,1
116,28,1
131,31,1
116,59,1
109,116,1
116,126,1
116,132,1
116,134,1
116,135,1
124,24,1
124,31,1
109,124,1
133,4,1
131,7,1
38,81,1
11,80,1
129,66,1
101,38,1
6,93,1
47,93,1
104,47,1
82,93,1
104,82,1
110,82,1
104,109,1
52,62,1
137,62,1
125,133,1
125,137,1
147,85,1
146,79,1
116,15,1
35,46,1
125,35,1
144,35,1
46,67,1
144,67,1
39,95,1
124,69,1
100,51,1
100,57,1
100,60,1
47,63,1
53,63,1
53,68,1
53,72,1
139,53,1
141,53,1
49,82,1
122,139,1
18,90,1
90,92,1
34,4,1
34,9,1
4,64,1
142,25,1
129,75,1
56,64,1
59,64,1
140,92,1
120,65,1
111,28,1
6,80,1
104,120,1
27,81,1
25,38,1
25,92,1
25,93,1
110,25,1
137,25,1
30,93,1
30,96,1
110,30,1
122,54,1
122,59,1
103,115,1
38,54,1
124,38,1
54,72,1
54,92,1
104,54,1
124,54,1
104,72,1
124,73,1
75,77,1
75,92,1
124,75,1
77,93,1
104,77,1
127,77,1
131,92,1
139,92,1
131,93,1
106,127,1
110,124,1
110,131,1
124,127,1
127,131,1
118,28,1
2,82,1
17,41,1
124,66,1
118,92,1
25,76,1
69,76,1
49,7,1
30,49,1
49,53,1
49,55,1
49,58,1
49,61,1
49,71,1
108,49,1
130,49,1
108,130,1
102,4,1
102,59,1
102,77,1
27,95,1
133,146,1
20,63,1
12,127,1
127,66,1
75,76,1
118,75,1
140,75,1
76,77,1
76,83,1
127,76,1
77,79,1
116,77,1
117,77,1
118,77,1
140,77,1
143,77,1
127,79,1
83,96,1
140,83,1
143,83,1
127,91,1
140,91,1
140,96,1
111,127,1
116,127,1
118,127,1
127,140,1
127,143,1
75,80,1
32,84,1
60,84,1
25,63,1
104,81,1
105,81,1
105,20,1
6,75,1
6,81,1
14,81,1
17,81,1
59,81,1
68,81,1
75,81,1
75,98,1
109,75,1
81,83,1
81,98,1
119,81,1
139,81,1
142,81,1
17,79,1
140,67,1
133,140,1
137,139,1
129,147,1
64,90,1
109,80,1
12,36,1
30,68,1
33,56,1
104,137,1
6,89,1
129,26,1
29,81,1
147,29,1
32,81,1
51,81,1
103,56,1
64,80,1
64,81,1
80,81,1
103,81,1
132,81,1
134,81,1
141,81,1
146,81,1
103,129,1
47,64,1
113,38,1
113,66,1
6,95,1
30,75,1
115,30,1
49,63,1
49,67,1
49,75,1
49,87,1
49,95,1
115,49,1
121,49,1
115,55,1
108,57,1
63,88,1
75,88,1
75,95,1
108,75,1
115,75,1
77,95,1
88,95,1
115,88,1
121,88,1
108,95,1
115,95,1
121,95,1
108,115,1
108,121,1
108,132,1
71,84,1
78,84,1
26,62,1
56,69,1
107,56,1
62,69,1
146,69,1
35,75,1
35,80,1
69,80,1
12,128,1
10,110,1
36,7,1
36,64,1
121,41,1
67,93,1
121,93,1
121,137,1
93,99,1
33,77,1
141,90,1
11,81,1
60,81,1
116,29,1
144,92,1
116,144,1
104,36,1
113,17,1
113,73,1
113,123,1
127,16,1
123,139,1
86,88,1
120,28,1
137,140,1
116,99,1
102,28,1
102,78,1
105,25,1
118,25,1
140,41,1
101,147,1
59,86,1
127,27,1
56,76,1
6,84,1
130,84,1
105,49,1
28,84,1
116,84,1
125,53,1
129,92,1
1,27,1
108,138,1
18,49,1
43,93,1
110,43,1
126,43,1
61,68,1
68,90,1
144,94,1
110,144,1
4,50,1
50,9,1
13,50,1
16,50,1
42,50,1
47,50,1
50,59,1
50,62,1
50,77,1
50,78,1
104,4,1
123,4,1
127,4,1
110,28,1
127,28,1
144,38,1
104,59,1
127,59,1
110,62,1
127,62,1
104,144,1
123,131,1
127,128,1
102,6,1
16,3,1
123,129,1
140,62,1
12,92,1
144,96,1
103,144,1
133,144,1
127,6,1
11,93,1
11,127,1
128,93,1
36,73,1
141,75,1
26,79,1
79,99,1
102,42,1
102,53,1
33,4,1
33,62,1
39,84,1
57,84,1
50,6,1
10,46,1
10,50,1
10,102,1
14,50,1
15,50,1
115,15,1
17,50,1
23,50,1
28,50,1
31,48,1
31,50,1
40,50,1
102,40,1
43,50,1
46,50,1
102,46,1
50,58,1
50,71,1
50,85,1
102,50,1
109,50,1
115,50,1
128,50,1
132,50,1
141,50,1
144,50,1
102,115,1
102,132,1
102,141,1
102,144,1
7,93,1
8,93,1
12,81,1
61,81,1
61,93,1
73,81,1
81,86,1
81,91,1
81,93,1
107,81,1
117,81,1
118,81,1
123,72,1
56,96,1
9,93,1
127,9,1
11,76,1
104,11,1
48,76,1
54,76,1
59,76,1
59,93,1
72,76,1
76,78,1
104,76,1
78,93,1
104,78,1
127,78,1
41,43,1
41,48,1
41,64,1
109,41,1
130,41,1
146,41,1
43,76,1
43,91,1
52,76,1
64,76,1
64,91,1
64,92,1
109,64,1
67,76,1
67,91,1
69,96,1
109,69,1
76,85,1
109,76,1
133,76,1
85,91,1
85,92,1
85,96,1
111,85,1
133,85,1
122,98,1
40,54,1
44,54,1
120,54,1
134,54,1
120,58,1
120,68,1
120,77,1
120,78,1
120,124,1
120,128,1
120,131,1
120,139,1
134,144,1
101,93,1
101,127,1
1,82,1
63,84,1
113,63,1
117,131,1
34,83,1
126,34,1
139,34,1
127,17,1
124,61,1
127,61,1
127,74,1
35,56,1
133,143,1
115,38,1
123,56,1
115,70,1
115,73,1
115,93,1
104,115,1
110,115,1
115,127,1
115,138,1
79,92,1
126,79,1
126,92,1
111,126,1
126,137,1
127,137,1
116,88,1
133,89,1
117,72,1
112,47,1
4,7,1
47,7,1
56,7,1
62,7,1
129,7,1
28,93,1
62,93,1
122,66,1
127,14,1
125,93,1
139,96,1
125,127,1
113,32,1
113,76,1
107,113,1
113,147,1
108,144,1
29,54,1
29,82,1
54,86,1
70,82,1
144,70,1
123,82,1
127,82,1
144,93,1
115,124,1
123,124,1
137,64,1
20,71,1
139,49,1
109,117,1
16,84,1
35,4,1
4,69,1
4,76,1
4,99,1
140,4,1
140,9,1
35,47,1
35,62,1
140,40,1
47,66,1
47,69,1
47,70,1
47,76,1
118,47,1
133,47,1
140,47,1
140,48,1
62,76,1
62,94,1
140,72,1
76,99,1
128,76,1
140,99,1
128,140,1
139,140,1
6,72,1
15,25,1
25,53,1
53,80,1
131,53,1
74,80,1
80,82,1
80,98,1
17,84,1
42,70,1
89,94,1
117,122,1
116,44,1
104,29,1
127,33,1
127,51,1
25,46,1
123,42,1
145,46,1
123,47,1
115,53,1
123,53,1
146,53,1
36,90,1
104,17,1
127,90,1
127,99,1
127,134,1
80,93,1
110,80,1
123,80,1
127,80,1
138,80,1
14,36,1
129,52,1
4,87,1
120,25,1
120,42,1
120,46,1
120,47,1
120,83,1
120,123,1
120,125,1
104,42,1
88,98,1
139,88,1
35,82,1
42,84,1
116,64,1
141,91,1
33,69,1
41,56,1
69,93,1
133,98,1
14,92,1
142,26,1
143,26,1
144,26,1
29,76,1
29,96,1
111,29,1
118,29,1
140,29,1
143,29,1
121,38,1
143,67,1
69,88,1
144,69,1
76,88,1
121,76,1
135,76,1
144,76,1
123,88,1
140,88,1
135,92,1
96,98,1
140,98,1
143,98,1
118,144,1
121,135,1
121,140,1
121,142,1
121,143,1
121,144,1
121,146,1
140,144,1
143,144,1
143,58,1
36,80,1
108,36,1
108,80,1
136,55,1
124,79,1
109,44,1
115,66,1
135,93,1
2,27,1
2,31,1
2,39,1
2,42,1
2,68,1
2,86,1
2,99,1
110,2,1
115,2,1
127,2,1
136,2,1
35,7,1
42,7,1
115,7,1
127,7,1
136,7,1
127,8,1
26,42,1
115,26,1
136,26,1
136,27,1
30,85,1
30,86,1
127,30,1
31,35,1
31,67,1
31,91,1
127,31,1
137,31,1
35,42,1
35,83,1
115,35,1
127,35,1
135,35,1
136,35,1
37,42,1
136,37,1
39,52,1
39,91,1
136,39,1
137,39,1
42,52,1
42,61,1
42,67,1
42,69,1
42,91,1
42,94,1
42,99,1
107,42,1
110,42,1
127,42,1
135,42,1
136,42,1
137,42,1
127,43,1
115,52,1
136,52,1
136,61,1
137,61,1
127,69,1
136,69,1
136,73,1
136,74,1
136,77,1
127,85,1
136,85,1
136,86,1
88,91,1
88,99,1
128,88,1
137,88,1
115,91,1
136,91,1
136,99,1
137,99,1
110,136,1
112,127,1
115,137,1
115,147,1
119,137,1
127,130,1
127,135,1
127,136,1
128,136,1
132,136,1
135,137,1
136,137,1
136,147,1
45,85,1
45,93,1
66,85,1
0,141,1
136,16,1
136,51,1
59,84,1
29,35,1
126,35,1
129,35,1
131,35,1
129,37,1
126,133,1
129,133,1
133,135,1
4,45,1
45,6,1
90,98,1
52,89,1
143,61,1
64,88,1
64,89,1
142,64,1
143,64,1
77,89,1
88,89,1
117,88,1
133,88,1
89,96,1
140,89,1
112,142,1
117,121,1
120,61,1
119,120,1
144,99,1
117,144,1
114,38,1
114,57,1
114,87,1
82,96,1
115,96,1
70,84,1
4,93,1
93,98,1
129,93,1
37,54,1
54,66,1
54,79,1
54,87,1
54,91,1
103,54,1
111,54,1
116,54,1
117,54,1
143,54,1
147,54,1
54,98,1
16,97,1
28,97,1
40,97,1
44,97,1
47,97,1
142,53,1
59,97,1
60,97,1
78,97,1
82,97,1
118,97,1
125,97,1
128,97,1
132,97,1
139,97,1
142,97,1
117,45,1
7,96,1
40,81,1
57,81,1
58,81,1
63,81,1
63,90,1
81,90,1
123,81,1
90,96,1
119,96,1
0,96,1
36,41,1
36,81,1
36,96,1
41,81,1
41,99,1
144,41,1
48,81,1
81,99,1
129,2,1
134,2,1
139,2,1
139,7,1
129,30,1
134,30,1
139,30,1
52,82,1
129,61,1
129,74,1
112,129,1
22,43,1
22,49,1
22,63,1
22,68,1
22,70,1
22,72,1
22,73,1
22,80,1
22,81,1
22,93,1
22,98,1
22,99,1
102,22,1
104,22,1
106,22,1
110,22,1
113,22,1
120,22,1
122,22,1
123,22,1
125,22,1
127,22,1
129,22,1
131,22,1
132,22,1
138,22,1
139,22,1
146,22,1
102,32,1
43,80,1
104,43,1
120,43,1
122,43,1
131,43,1
49,54,1
49,72,1
49,73,1
49,80,1
49,81,1
49,83,1
49,93,1
49,98,1
49,99,1
104,49,1
106,49,1
110,49,1
113,49,1
120,49,1
122,49,1
123,49,1
125,49,1
127,49,1
131,49,1
138,49,1
146,49,1
54,81,1
54,88,1
54,99,1
102,54,1
113,54,1
102,63,1
113,68,1
102,70,1
129,70,1
72,81,1
72,88,1
102,72,1
113,72,1
120,72,1
122,72,1
102,73,1
113,77,1
80,88,1
80,99,1
102,80,1
81,88,1
102,81,1
110,81,1
113,81,1
120,81,1
122,81,1
125,81,1
127,81,1
131,81,1
138,81,1
122,83,1
102,88,1
104,88,1
113,88,1
120,88,1
122,88,1
102,93,1
113,93,1
120,93,1
122,93,1
102,98,1
104,98,1
113,98,1
113,99,1
120,99,1
122,99,1
131,99,1
102,104,1
102,106,1
102,110,1
102,122,1
102,123,1
102,127,1
102,131,1
102,138,1
102,139,1
102,146,1
104,113,1
104,122,1
105,120,1
106,113,1
110,113,1
110,120,1
110,122,1
110,129,1
113,120,1
113,122,1
113,127,1
113,138,1
113,139,1
113,144,1
120,122,1
120,127,1
120,132,1
120,138,1
122,123,1
122,125,1
122,127,1
122,129,1
122,131,1
122,138,1
122,144,1
122,146,1
127,129,1
137,15,1
129,21,1
129,45,1
56,67,1
137,54,1
129,65,1
136,4,1
10,49,1
10,136,1
136,14,1
136,15,1
27,49,1
136,28,1
29,53,1
136,29,1
32,46,1
36,53,1
40,49,1
46,49,1
135,46,1
135,47,1
136,47,1
136,48,1
49,85,1
109,49,1
119,49,1
124,49,1
128,49,1
135,49,1
136,49,1
145,49,1
124,53,1
135,53,1
136,56,1
136,98,1
109,136,1
124,136,1
125,136,1
12,28,1
12,29,1
12,82,1
12,126,1
12,135,1
108,51,1
122,141,1
121,127,1
125,61,1
115,79,1
135,79,1
110,90,1
115,90,1
125,90,1
142,90,1
143,90,1
111,115,1
115,140,1
115,143,1
125,140,1
63,97,1
10,81,1
44,52,1
44,81,1
44,96,1
110,44,1
126,44,1
131,52,1
78,81,1
78,96,1
126,81,1
135,81,1
126,96,1
141,96,1
25,60,1
25,61,1
25,90,1
25,91,1
140,25,1
138,90,1
121,91,1
138,140,1
3,72,1
126,51,1
125,33,1
125,41,1
138,41,1
0,110,1
138,7,1
0,133,1
12,42,1
12,62,1
3,31,1
131,26,1
126,27,1
30,33,1
124,30,1
126,30,1
131,30,1
140,30,1
142,30,1
143,30,1
33,40,1
33,61,1
33,67,1
33,90,1
115,33,1
121,33,1
126,33,1
136,33,1
61,76,1
126,61,1
131,61,1
126,67,1
131,67,1
131,69,1
115,76,1
124,76,1
126,76,1
131,76,1
136,76,1
126,90,1
131,90,1
136,90,1
136,96,1
103,136,1
105,136,1
106,136,1
112,131,1
115,117,1
115,118,1
115,131,1
117,124,1
117,136,1
118,126,1
118,136,1
121,124,1
121,126,1
121,131,1
126,136,1
126,140,1
131,136,1
131,140,1
131,143,1
133,136,1
136,140,1
136,142,1
136,143,1
31,75,1
31,93,1
31,96,1
116,48,1
115,116,1
18,86,1
5,69,1
16,41,1
127,95,1
141,22,1
15,76,1
10,104,1
62,89,1
139,89,1
64,78,1
78,90,1
31,90,1
112,46,1
40,41,1
41,90,1
137,90,1
41,95,1
127,141,1
28,63,1
2,3,1
18,63,1
116,18,1
10,127,1
15,81,1
47,81,1
101,41,1
101,63,1
101,117,1
101,137,1
108,60,1
108,64,1
31,92,1
107,129,1
1,26,1
113,21,1
113,37,1
113,40,1
113,57,1
113,64,1
113,65,1
113,67,1
113,117,1
113,121,1
113,133,1
12,67,1
115,12,1
12,121,1
35,90,1
56,61,1
121,56,1
15,41,1
27,41,1
41,61,1
116,85,1
41,89,1
138,89,1
16,92,1
1,105,1
126,66,1
28,67,1
59,90,1
104,33,1
85,90,1
90,93,1
15,33,1
15,93,1
33,58,1
26,93,1
0,121,1
121,5,1
103,97,1
100,43,1
133,80,1
134,41,1
134,137,1
45,52,1
24,72,1
147,3,1
131,41,1
127,60,1
127,133,1
131,137,1
31,45,1
31,49,1
133,31,1
37,49,1
45,49,1
49,65,1
133,49,1
26,82,1
140,2,1
115,64,1
136,64,1
111,136,1
108,135,1
2,53,1
8,95,1
53,95,1
140,31,1
129,33,1
35,44,1
141,2,1
118,3,1
122,64,1
122,65,1
116,122,1
127,36,1
2,63,1
12,95,1
138,64,1
125,95,1
130,95,1
134,95,1
138,95,1
0,72,1
26,72,1
51,54,1
54,74,1
54,90,1
107,54,1
40,89,1
68,95,1
70,95,1
89,95,1
124,89,1
134,89,1
105,95,1
106,95,1
146,95,1
3,52,1
120,64,1
139,95,1
126,7,1
102,134,1
102,142,1
10,95,1
109,63,1
69,78,1
78,95,1
85,95,1
109,95,1
129,69,1
44,67,1
44,76,1
107,44,1
115,44,1
121,44,1
137,44,1
117,49,1
111,82,1
3,63,1
3,68,1
100,116,1
2,98,1
43,79,1
2,45,1
3,45,1
144,66,1
76,80,1
129,76,1
80,89,1
131,89,1
144,89,1
136,138,1
135,95,1
129,140,1
44,79,1
44,93,1
103,44,1
141,79,1
138,30,1
31,97,1
68,97,1
142,95,1
136,54,1
124,97,1
126,97,1
134,97,1
14,95,1
133,95,1
61,72,1
140,15,1
116,72,1
137,29,1
137,98,1
137,144,1
126,41,1
114,86,1
116,25,1
140,28,1
122,25,1
120,30,1
31,64,1
135,41,1
136,65,1
33,64,1
33,98,1
124,41,1
101,40,1
114,40,1
101,57,1
101,69,1
114,69,1
101,79,1
114,79,1
101,86,1
101,106,1
101,114,1
101,143,1
114,143,1
101,65,1
128,79,1
122,41,1
116,43,1
126,54,1
124,137,1
137,89,1
117,129,1